timestamp,sn,text,EST
2017-07-17 00:46:31,Financeolizer,Trump lashes out as new poll finds record low approval rating #President #DonaldTrump https://t.co/VUxIgwCvI3 https://t.co/rCBt3O9HL7,2017-07-16 19:46:31
2017-07-17 00:46:30,MrScavellz,Trump still hasn't acknowledged McCain having surgery but he has found plenty of time to tweet about himself &amp; insult the media #DonaldTrump,2017-07-16 19:46:30
2017-07-17 00:46:19,dp42049,"RT @ShirlsAdams: @20thgrader @20committee @lulu_lemew My gawd, #DonaldTrump was talking about Russia when he wrote this tweet in 2013!",2017-07-16 19:46:19
2017-07-17 00:46:10,KingOfTerror201,Younus AlGohar's Solution to #Terrorism https://t.co/lE1dwkin0E #Daesh #ISIS ##BokoHaram #Taliban #AlNusra #AlQaeda #DonaldTrump,2017-07-16 19:46:10
2017-07-17 00:46:00,SubiksaS,"RT @Timesolizer: #Russia, others intervened in US #presidentialelection: #DonaldTrump - #TimesofIndia... https://t.co/T2yeifV36J https://t.‚Ä¶",2017-07-16 19:46:00
2017-07-17 00:45:29,roldandin,Reebok schools us (I'm belong polite).  #donaldtrump #covfefe #macron #reebok #youreinsuchgoodshape https://t.co/8QrfCXHBzQ,2017-07-16 19:45:29
2017-07-17 00:45:14,artistproco,#DonaldTrump te desaf√≠a a vencerlo en su nuevo juego par Android. Descargalo Gratis https://t.co/6b6fxysW9G https://t.co/bHr2SKQ22n,2017-07-16 19:45:14
2017-07-17 00:45:11,socialcompleta,"Est√°s en desacuerdo con #DonaldTrump ? Derrotalo ahora, https://t.co/tVzceEV7E7 #MobileGame #AndroidGame #TrumpGame https://t.co/FwGwEzmwnJ",2017-07-16 19:45:11
2017-07-17 00:43:59,liltrumpcomic,Leaked conversations with Jane and Bernie sander with trump #BernieSanders #DonaldTrump #AmericaFirst‚Ä¶ https://t.co/B68uSfOk8a,2017-07-16 19:43:59
2017-07-17 00:43:29,earaliehs,RT @rafshmatko: Donald Trump is the heart of America #Trump #DonaldTrump #MAGA #USA #TrumpTrain #Art #World #ArtForTrump https://t.co/KfCDx‚Ä¶,2017-07-16 19:43:29
2017-07-17 00:42:03,Caplea44,#donaldtrump @realDonaldTrump : Poll Showing My Approval Rating At 70-Year Historic Low Is ‚ÄòNot Bad‚Äô https://t.co/FeuD9PqNce via @TPM,2017-07-16 19:42:03
2017-07-17 00:41:28,Kashif_Noor_MHD,RT @rafu007: The Mischief of the Pseudo #Muslims https://t.co/aHrad9F7Hd #ISIS #Taliban #BokoHaram #AlShabab #AlQaeda #AlNusra #DonaldTrump‚Ä¶,2017-07-16 19:41:28
2017-07-17 00:41:28,1rizwan_shoukat,RT @rafu007: The Mischief of the Pseudo #Muslims https://t.co/aHrad9F7Hd #ISIS #Taliban #BokoHaram #AlShabab #AlQaeda #AlNusra #DonaldTrump‚Ä¶,2017-07-16 19:41:28
2017-07-17 00:41:27,FaisalBashir_pk,RT @rafu007: The Mischief of the Pseudo #Muslims https://t.co/aHrad9F7Hd #ISIS #Taliban #BokoHaram #AlShabab #AlQaeda #AlNusra #DonaldTrump‚Ä¶,2017-07-16 19:41:27
2017-07-17 00:41:26,Rehman_ali0,RT @rafu007: The Mischief of the Pseudo #Muslims https://t.co/aHrad9F7Hd #ISIS #Taliban #BokoHaram #AlShabab #AlQaeda #AlNusra #DonaldTrump‚Ä¶,2017-07-16 19:41:26
2017-07-17 00:41:25,Haashir_Ali,RT @rafu007: The Mischief of the Pseudo #Muslims https://t.co/aHrad9F7Hd #ISIS #Taliban #BokoHaram #AlShabab #AlQaeda #AlNusra #DonaldTrump‚Ä¶,2017-07-16 19:41:25
2017-07-17 00:41:25,KartikGohar,RT @rafu007: The Mischief of the Pseudo #Muslims https://t.co/aHrad9F7Hd #ISIS #Taliban #BokoHaram #AlShabab #AlQaeda #AlNusra #DonaldTrump‚Ä¶,2017-07-16 19:41:25
2017-07-17 00:41:24,Yasirali093,RT @rafu007: The Mischief of the Pseudo #Muslims https://t.co/aHrad9F7Hd #ISIS #Taliban #BokoHaram #AlShabab #AlQaeda #AlNusra #DonaldTrump‚Ä¶,2017-07-16 19:41:24
2017-07-17 00:41:23,Sameer_Shakir1,RT @rafu007: The Mischief of the Pseudo #Muslims https://t.co/aHrad9F7Hd #ISIS #Taliban #BokoHaram #AlShabab #AlQaeda #AlNusra #DonaldTrump‚Ä¶,2017-07-16 19:41:23
2017-07-17 00:41:23,Shahzad_Ikram1,RT @rafu007: The Mischief of the Pseudo #Muslims https://t.co/aHrad9F7Hd #ISIS #Taliban #BokoHaram #AlShabab #AlQaeda #AlNusra #DonaldTrump‚Ä¶,2017-07-16 19:41:23
2017-07-17 00:41:22,waseemeawan77,RT @rafu007: The Mischief of the Pseudo #Muslims https://t.co/aHrad9F7Hd #ISIS #Taliban #BokoHaram #AlShabab #AlQaeda #AlNusra #DonaldTrump‚Ä¶,2017-07-16 19:41:22
2017-07-17 00:41:21,Awais_Khan_pk,RT @rafu007: The Mischief of the Pseudo #Muslims https://t.co/aHrad9F7Hd #ISIS #Taliban #BokoHaram #AlShabab #AlQaeda #AlNusra #DonaldTrump‚Ä¶,2017-07-16 19:41:21
2017-07-17 00:41:21,Murtaza_ali_CA,RT @rafu007: The Mischief of the Pseudo #Muslims https://t.co/aHrad9F7Hd #ISIS #Taliban #BokoHaram #AlShabab #AlQaeda #AlNusra #DonaldTrump‚Ä¶,2017-07-16 19:41:21
2017-07-17 00:41:13,PoliticsVillage,"1 year ago yesterday, #DonaldTrump announced #MikePence as his running mate--now he's Vice President and possibly t‚Ä¶ https://t.co/2jqdQ9kjBZ",2017-07-16 19:41:13
2017-07-17 00:41:10,Jeff81442228,#MAGA #makeamericagreatagain #AmericaFirst #trumptrain #Trumprussia #DonaldTrumpJr #DonaldTrump #ccot #fakenews‚Ä¶ https://t.co/vSfW1oC5t5,2017-07-16 19:41:10
2017-07-17 00:40:46,ocanannain,"RT @JamesReader_RP: #DonaldTrump‚Äôs Sunday Tweet About His Approval Rating is Complete, Total, Delusional Horseshit &gt;&gt;https://t.co/EPYVjn34Z‚Ä¶",2017-07-16 19:40:46
2017-07-17 00:40:08,LocksmithUnited,How To Stay Safe At A Donald Trump Rally https://t.co/RhrkYY112E #Safety #Rally #DonaldTrump #POTUS,2017-07-16 19:40:08
2017-07-17 00:40:06,DTRUMP_Fans,Trump's lawyer insists nothing 'nefarious' in Trump Jr. Russia meeting - Washington Post https://t.co/D94M8Aflea‚Ä¶ https://t.co/2KNsdGidL8,2017-07-16 19:40:06
2017-07-17 00:40:01,TheAVHub,"Man is a military animal, glories in gunpowder, and loves parade. - #DonaldTrump",2017-07-16 19:40:01
2017-07-17 00:39:57,mromero08151,RT @amjoyshow: Now on #AMJoy... #DonaldTrump's personal attorney Jay Sekulow going on ALL FIVE #SundayMorning political shows. Thoughts #re‚Ä¶,2017-07-16 19:39:57
2017-07-17 00:39:17,Pollizer,"Fox News Just Shared A Poll That Trump Is Going To HATE, Meltdown Inevitable (TWEET) #foxnews #DonaldTrump https://t.co/YveSnppex5",2017-07-16 19:39:17
2017-07-17 00:38:59,YMcglaun,"RT @WashTimes: #DonaldTrump names #TyCobb as White House special counsel in light of ongoing #Russian investigation. #russiameeting
https:/‚Ä¶",2017-07-16 19:38:59
2017-07-17 00:38:57,RashidGohar1,The #Wahhabi Mind-Set https://t.co/kZIbQA4R2y #Wahhabism #Salafism #SaudiArabia #ISIS #Taliban #BokoHaram #AlShabab #DonaldTrump,2017-07-16 19:38:57
2017-07-17 00:38:37,Chris19702,RT @Jeff81442228: Another great thread by @ThomasWictor #AmericaFirst #trumptrain #Trumprussia #DonaldTrumpJr #DonaldTrump #ccot #russiagat‚Ä¶,2017-07-16 19:38:37
2017-07-17 00:38:12,Syedraza8191,An Introduction to #Wahhabism https://t.co/v6O4dA9H0F #SaudiArabia #Salafism #Deobandi #ISIS #Taliban #BokoHaram #DonaldTrump #MikePence,2017-07-16 19:38:12
2017-07-17 00:38:11,CaptainThach,#USArmyReserve -- United -- #USArmy #PresidentTrump #PresidentDonaldTrump #DonaldTrump #ArmyStrong #GoArmy... https://t.co/oqyG2Y7ZPK,2017-07-16 19:38:11
2017-07-17 00:38:08,ZanettiCartoons,"A Round Shape
Today's cartoon (click) &gt; https://t.co/IBzHelQn7N

#beautifulshape
#DonaldTrump
@realDonaldTrump‚Ä¶ https://t.co/O9zphKO5nL",2017-07-16 19:38:08
2017-07-17 00:37:46,UonGuard,"#TrumpTrain,#MAGA,#MakeAmericaGreatAgain,#DonaldTrump,@realDonaldTrump, https://t.co/iT1rSRJbkB",2017-07-16 19:37:46
2017-07-17 00:37:35,Russializer,"""This is not a drill"": reporters say there‚Äôs a flood of #DonaldTrump #Russia news coming this week #Buckle https://t.co/5cWUlsQTn9",2017-07-16 19:37:35
2017-07-17 00:37:26,LOLURWNJ,"RT @JamesReader_RP: #DonaldTrump‚Äôs Sunday Tweet About His Approval Rating is Complete, Total, Delusional Horseshit &gt;&gt;https://t.co/EPYVjn34Z‚Ä¶",2017-07-16 19:37:26
2017-07-17 00:37:01,Kashif_Noor_MHD,RT @rafu007: What is #Wahhabism? https://t.co/bxylUj0AXy #Salafism #Deobandi #ISIS #Taliban #Islam #Quran #DonaldTrump #MikePence #USA #Sau‚Ä¶,2017-07-16 19:37:01
2017-07-17 00:37:01,1rizwan_shoukat,RT @rafu007: What is #Wahhabism? https://t.co/bxylUj0AXy #Salafism #Deobandi #ISIS #Taliban #Islam #Quran #DonaldTrump #MikePence #USA #Sau‚Ä¶,2017-07-16 19:37:01
2017-07-17 00:37:01,FaisalBashir_pk,RT @rafu007: What is #Wahhabism? https://t.co/bxylUj0AXy #Salafism #Deobandi #ISIS #Taliban #Islam #Quran #DonaldTrump #MikePence #USA #Sau‚Ä¶,2017-07-16 19:37:01
2017-07-17 00:37:00,Rehman_ali0,RT @rafu007: What is #Wahhabism? https://t.co/bxylUj0AXy #Salafism #Deobandi #ISIS #Taliban #Islam #Quran #DonaldTrump #MikePence #USA #Sau‚Ä¶,2017-07-16 19:37:00
2017-07-17 00:36:58,Haashir_Ali,RT @rafu007: What is #Wahhabism? https://t.co/bxylUj0AXy #Salafism #Deobandi #ISIS #Taliban #Islam #Quran #DonaldTrump #MikePence #USA #Sau‚Ä¶,2017-07-16 19:36:58
2017-07-17 00:36:58,KartikGohar,RT @rafu007: What is #Wahhabism? https://t.co/bxylUj0AXy #Salafism #Deobandi #ISIS #Taliban #Islam #Quran #DonaldTrump #MikePence #USA #Sau‚Ä¶,2017-07-16 19:36:58
2017-07-17 00:36:57,Yasirali093,RT @rafu007: What is #Wahhabism? https://t.co/bxylUj0AXy #Salafism #Deobandi #ISIS #Taliban #Islam #Quran #DonaldTrump #MikePence #USA #Sau‚Ä¶,2017-07-16 19:36:57
2017-07-17 00:36:57,Sameer_Shakir1,RT @rafu007: What is #Wahhabism? https://t.co/bxylUj0AXy #Salafism #Deobandi #ISIS #Taliban #Islam #Quran #DonaldTrump #MikePence #USA #Sau‚Ä¶,2017-07-16 19:36:57
2017-07-17 00:36:57,Shahzad_Ikram1,RT @rafu007: What is #Wahhabism? https://t.co/bxylUj0AXy #Salafism #Deobandi #ISIS #Taliban #Islam #Quran #DonaldTrump #MikePence #USA #Sau‚Ä¶,2017-07-16 19:36:57
2017-07-17 00:36:56,waseemeawan77,RT @rafu007: What is #Wahhabism? https://t.co/bxylUj0AXy #Salafism #Deobandi #ISIS #Taliban #Islam #Quran #DonaldTrump #MikePence #USA #Sau‚Ä¶,2017-07-16 19:36:56
2017-07-17 00:36:55,Awais_Khan_pk,RT @rafu007: What is #Wahhabism? https://t.co/bxylUj0AXy #Salafism #Deobandi #ISIS #Taliban #Islam #Quran #DonaldTrump #MikePence #USA #Sau‚Ä¶,2017-07-16 19:36:55
2017-07-17 00:36:54,Murtaza_ali_CA,RT @rafu007: What is #Wahhabism? https://t.co/bxylUj0AXy #Salafism #Deobandi #ISIS #Taliban #Islam #Quran #DonaldTrump #MikePence #USA #Sau‚Ä¶,2017-07-16 19:36:54
2017-07-17 00:36:51,spark___y,RT @Jeff81442228: Another great thread by @ThomasWictor #AmericaFirst #trumptrain #Trumprussia #DonaldTrumpJr #DonaldTrump #ccot #russiagat‚Ä¶,2017-07-16 19:36:51
2017-07-17 00:36:22,BanDaesh,The Mischief of the Pseudo #Muslims https://t.co/ga7He3RbSG #ISIS #Taliban #BokoHaram #AlShabab #AlQaeda #AlNusra #DonaldTrump #MikePence,2017-07-16 19:36:22
2017-07-17 00:36:16,antmousie,"RT @jrzgrlz: #MadeInAmerica Week, when virtually ALL #DonaldTrump &amp; #Ivanka products are made elsewhere, &amp; his employees are sourced overse‚Ä¶",2017-07-16 19:36:16
2017-07-17 00:35:45,jrzgrlz,"#MadeInAmerica Week, when virtually ALL #DonaldTrump &amp; #Ivanka products are made elsewhere, &amp; his employees are sourced overseas? Really?",2017-07-16 19:35:45
2017-07-17 00:34:08,michael_byers,"This graph tells us many things, including that 18 percent of Republicans have at least some cognitive activity‚Ä¶ https://t.co/KaZ7YjlwDd",2017-07-16 19:34:08
2017-07-17 00:33:39,UonGuard,"#TrumpTrain,#MAGA,#MakeAmericaGreatAgain,#DonaldTrump,@realDonaldTrump, https://t.co/VONE7fIMjl",2017-07-16 19:33:39
2017-07-17 00:33:19,CampaignUSA2016,#donaldtrump Donald Trump's record-low approval rating 'not bad at this time' https://t.co/r04glKSd49,2017-07-16 19:33:19
2017-07-17 00:33:19,CampaignUSA2016,#donaldtrump Several pastors prayed over President Trump. Another says they bordered on 'heresy.' https://t.co/x8HL0zpPr4,2017-07-16 19:33:19
2017-07-17 00:33:14,Tea_Party_Chris,"RT @nancy_us85: One Small North #dakota Town Taught Mark Zuckerberg Exactly Why #DonaldTrump Is #President
https://t.co/gk0Y7pSr7R
#SundayF‚Ä¶",2017-07-16 19:33:14
2017-07-17 00:33:12,Syedraza8191,The Reality of #Wahhabism in #Islam https://t.co/G6VMOs5mqS #SaudiArabia #Salafism #Deobandi #ISIS #Taliban #AlQaeda #DonaldTrump #MikePence,2017-07-16 19:33:12
2017-07-17 00:33:01,trumpnews247,#DonaldTrump -  Trump's travel ban to head back to Supreme Court - Washington Times https://t.co/kRsFZL4on9   - - - #trump,2017-07-16 19:33:01
2017-07-17 00:32:02,WomensPowerCen,#americanelection #RepublicansForHillary Empowering site:Can #DonaldTrump win #USElections https://t.co/mg0jk9kAWD https://t.co/9JMGxRHG1L,2017-07-16 19:32:02
2017-07-17 00:31:35,FireTrumpPence,@JoyAnnReid #DonaldTrump #CowardInChief #LockHimUp https://t.co/rqHXw7ijbn,2017-07-16 19:31:35
2017-07-17 00:31:30,mommala728,RT @amjoyshow: Thoughts? ‚Üí #DonaldTrump begs Theresa May to fix a 'warm welcome' for his state visit https://t.co/fZMVmIt1FT,2017-07-16 19:31:30
2017-07-17 00:31:26,R1Ray,"RT @JamesReader_RP: #DonaldTrump‚Äôs Sunday Tweet About His Approval Rating is Complete, Total, Delusional Horseshit &gt;&gt;https://t.co/EPYVjn34Z‚Ä¶",2017-07-16 19:31:26
2017-07-17 00:30:34,ShirlsAdams,"@PhilBl55 @TrueFactsStated That was from the Pink Floyd concert right? They really tore into #DonaldTrump. 
 I ‚ù§Ô∏è them!",2017-07-16 19:30:34
2017-07-17 00:30:25,kimberleypea,RT @amjoyshow: Now on #AMJoy... #DonaldTrump's personal attorney Jay Sekulow going on ALL FIVE #SundayMorning political shows. Thoughts #re‚Ä¶,2017-07-16 19:30:25
2017-07-17 00:30:10,ChristophHeer52,"RT @johnramos91: If you needed #DonaldTrump to confirm the #MSM is ""the enemy of the people""‚Ä¶you're way behind #OperationMockingbird https:‚Ä¶",2017-07-16 19:30:10
2017-07-17 00:29:24,SierraNev2,RT @Jeff81442228: Another great thread by @ThomasWictor #AmericaFirst #trumptrain #Trumprussia #DonaldTrumpJr #DonaldTrump #ccot #russiagat‚Ä¶,2017-07-16 19:29:24
2017-07-17 00:27:32,IMPEACH_IT,IMPEACH #donaldtrump #trump #antitrump #notmypresident https://t.co/3uVWyCHhVn,2017-07-16 19:27:32
2017-07-17 00:27:29,IMPEACH_IT,IMPEACH #donaldtrump #trump #antitrump #notmypresident https://t.co/VrfzbbxLPR,2017-07-16 19:27:29
2017-07-17 00:27:26,IMPEACH_IT,IMPEACH #donaldtrump #trump #antitrump #notmypresident https://t.co/6QdfMPFnZ3,2017-07-16 19:27:26
2017-07-17 00:27:03,jackflackdaily,Comey negotiating for big bucks for tell all memoir book https://t.co/qn7PSAj7WJ #trump #maga #deplorables‚Ä¶ https://t.co/uAkBsrQiwN,2017-07-16 19:27:03
2017-07-17 00:26:54,SusanEStein3,"RT @GaryNewkirk: @FaceTheNation @JaySekulow To borrow a mine from #DonaldTrump's ""but Hillary"" deflection, but Jr's emails...",2017-07-16 19:26:54
2017-07-17 00:26:19,RickyRayinGA,"RT @WashTimes: #DonaldTrump names #TyCobb as White House special counsel in light of ongoing #Russian investigation. #russiameeting
https:/‚Ä¶",2017-07-16 19:26:19
2017-07-17 00:26:05,SteedLA67,"RT @JamesReader_RP: #DonaldTrump‚Äôs Sunday Tweet About His Approval Rating is Complete, Total, Delusional Horseshit &gt;&gt;https://t.co/EPYVjn34Z‚Ä¶",2017-07-16 19:26:05
2017-07-17 00:25:59,DailyCopWatch,Even Members Of Congress Are Calling Out The Stupidity Of Trump‚Äôs Lawyer https://t.co/dwG2zSftoc #donaldtrump,2017-07-16 19:25:59
2017-07-17 00:25:26,Dax_x98,RT @Dax_x98: #TrumpPutin #RussianCollusion #Putinspuppet #Putin #RussiaGate #Resistance #DonaldTrump #VladimirPutin #TrumpJr #TrumpLies #Tr‚Ä¶,2017-07-16 19:25:26
2017-07-17 00:25:19,TechEFX,It's true #DonaldTrump #Antifa https://t.co/lhu84z7wZ6,2017-07-16 19:25:19
2017-07-17 00:25:19,ChiGeminorum,RT @Tonup_: They just keep pushing each other's buttons. #DonaldTrump #KimJongUn https://t.co/mnsHq8CUuU,2017-07-16 19:25:19
2017-07-17 00:24:58,LoveIrreverence,#DonJr himself could tell #DonaldTrump the former was a named source and the latter would still call it #FakeNews.‚Ä¶ https://t.co/BhgJGyxnCy,2017-07-16 19:24:58
2017-07-17 00:24:26,PoliKartoons,RT @Tonup_: They just keep pushing each other's buttons. #DonaldTrump #KimJongUn https://t.co/mnsHq8CUuU,2017-07-16 19:24:26
2017-07-17 00:24:15,MikeyPyroWriter,People would be much more offended if Donald Trump were the new Doctor Who. #DoctorWho13 #humor #DonaldTrump,2017-07-16 19:24:15
2017-07-17 00:23:37,4truthhealing,RT @GatestoneInst: Rouhani and Trump: Together against Iran's Men with Guns? https://t.co/RBIWvtKTXG #Rouhani #DonaldTrump #Iran #IRGC @Ami‚Ä¶,2017-07-16 19:23:37
2017-07-17 00:22:40,Donald_Trump_Q,"""People don‚Äôt ask that question, but why was there the Civil War?"" -Donald Trump #POTUS #DonaldTrump #Trump #TrumpProtest",2017-07-16 19:22:40
2017-07-17 00:22:35,Richard55375962,@realDonaldTrump #DonaldTrump scheduled an operation to make his hands larger so he can pile more shit on to the American people,2017-07-16 19:22:35
2017-07-17 00:21:49,1rizwan_shoukat,RT @rafu007: An Introduction to #Wahhabism https://t.co/Yn7Y6Yevig #SaudiArabia #Salafism #Deobandi #ISIS #Taliban #BokoHaram #DonaldTrump‚Ä¶,2017-07-16 19:21:49
2017-07-17 00:21:49,Kashif_Noor_MHD,RT @rafu007: An Introduction to #Wahhabism https://t.co/Yn7Y6Yevig #SaudiArabia #Salafism #Deobandi #ISIS #Taliban #BokoHaram #DonaldTrump‚Ä¶,2017-07-16 19:21:49
2017-07-17 00:21:49,FaisalBashir_pk,RT @rafu007: An Introduction to #Wahhabism https://t.co/Yn7Y6Yevig #SaudiArabia #Salafism #Deobandi #ISIS #Taliban #BokoHaram #DonaldTrump‚Ä¶,2017-07-16 19:21:49
2017-07-17 00:21:48,Rehman_ali0,RT @rafu007: An Introduction to #Wahhabism https://t.co/Yn7Y6Yevig #SaudiArabia #Salafism #Deobandi #ISIS #Taliban #BokoHaram #DonaldTrump‚Ä¶,2017-07-16 19:21:48
2017-07-17 00:21:46,Haashir_Ali,RT @rafu007: An Introduction to #Wahhabism https://t.co/Yn7Y6Yevig #SaudiArabia #Salafism #Deobandi #ISIS #Taliban #BokoHaram #DonaldTrump‚Ä¶,2017-07-16 19:21:46
2017-07-17 00:21:46,KartikGohar,RT @rafu007: An Introduction to #Wahhabism https://t.co/Yn7Y6Yevig #SaudiArabia #Salafism #Deobandi #ISIS #Taliban #BokoHaram #DonaldTrump‚Ä¶,2017-07-16 19:21:46
2017-07-17 00:21:45,Yasirali093,RT @rafu007: An Introduction to #Wahhabism https://t.co/Yn7Y6Yevig #SaudiArabia #Salafism #Deobandi #ISIS #Taliban #BokoHaram #DonaldTrump‚Ä¶,2017-07-16 19:21:45
2017-07-17 00:21:45,Sameer_Shakir1,RT @rafu007: An Introduction to #Wahhabism https://t.co/Yn7Y6Yevig #SaudiArabia #Salafism #Deobandi #ISIS #Taliban #BokoHaram #DonaldTrump‚Ä¶,2017-07-16 19:21:45
2017-07-17 00:21:45,Shahzad_Ikram1,RT @rafu007: An Introduction to #Wahhabism https://t.co/Yn7Y6Yevig #SaudiArabia #Salafism #Deobandi #ISIS #Taliban #BokoHaram #DonaldTrump‚Ä¶,2017-07-16 19:21:45
2017-07-17 00:21:44,waseemeawan77,RT @rafu007: An Introduction to #Wahhabism https://t.co/Yn7Y6Yevig #SaudiArabia #Salafism #Deobandi #ISIS #Taliban #BokoHaram #DonaldTrump‚Ä¶,2017-07-16 19:21:44
2017-07-17 00:21:43,Awais_Khan_pk,RT @rafu007: An Introduction to #Wahhabism https://t.co/Yn7Y6Yevig #SaudiArabia #Salafism #Deobandi #ISIS #Taliban #BokoHaram #DonaldTrump‚Ä¶,2017-07-16 19:21:43
2017-07-17 00:21:43,Murtaza_ali_CA,RT @rafu007: An Introduction to #Wahhabism https://t.co/Yn7Y6Yevig #SaudiArabia #Salafism #Deobandi #ISIS #Taliban #BokoHaram #DonaldTrump‚Ä¶,2017-07-16 19:21:43
2017-07-17 00:21:12,AmjadHussain299,The Mischief of the Pseudo #Muslims https://t.co/kjutarJt75 #ISIS #Taliban #BokoHaram #AlShabab #AlQaeda #AlNusra #DonaldTrump #MikePence,2017-07-16 19:21:12
2017-07-17 00:20:41,shittydonald,"An old expression, ‚Äúto the Golden Globes. ##joking #donaldtrump #donald",2017-07-16 19:20:41
2017-07-17 00:20:40,WTFisGoingOnDon,#TrumpRussia #TrumpRussiaInvestigation #TrumpRussiaInvestigation #Russia #RussiaGate #Putinspuppet #donaldtrump https://t.co/3erfeK4Fah,2017-07-16 19:20:40
2017-07-17 00:19:10,ISISEVIL001,What is #Wahhabism? https://t.co/E6tkqGcaA4 #Salafism #Deobandi #ISIS #Taliban #Islam #Quran #DonaldTrump #MikePence #USA #SaudiArabia,2017-07-16 19:19:10
2017-07-17 00:18:57,NAagencia,"#INTERNACIONAL (cont.) Seg√∫n publica un sondeo, #DonaldTrump ha perdido apoyo popular  @washingtonPost @ABC https://t.co/bVBIeHgwC1",2017-07-16 19:18:57
2017-07-17 00:18:43,julianawriter,@kylegriffin1 .@TODAYshow #JaySekulow stupid irresponsible #SecretService projection statement to deflect‚Ä¶ https://t.co/KGmUphlncY,2017-07-16 19:18:43
2017-07-17 00:17:29,kingfowlness,RT @Thom_Hartmann: #FoxNews Feeds Nonsense to its Viewers and #DonaldTrump is One of Them https://t.co/VzUzjy0bvm #FauxNews #FakeNews #Alte‚Ä¶,2017-07-16 19:17:29
2017-07-17 00:17:19,Annamor62100662,RT @Annamor62100662: #DonaldTrump  #DonaldTrumpJr &amp;Whole Fricking Campaign  &amp;Administration Is Most Corupt Criminal Organization In America‚Ä¶,2017-07-16 19:17:19
2017-07-17 00:16:46,julianawriter,@kylegriffin1 This irresponsible stupid #JaySekulow  #SecretService comment is incompetence how much lower can‚Ä¶ https://t.co/4r9o9SzFdd,2017-07-16 19:16:46
2017-07-17 00:16:45,Annamor62100662,"RT @Annamor62100662: #DonaldTrump #DonaldTrumpJr #TrumpCrimeFamily &amp; The Trump Administration Is The Assembly Of The Most
Dangerous Corupt‚Ä¶",2017-07-16 19:16:45
2017-07-17 00:16:26,Annamor62100662,"RT @9a1e6c8a99984e2: I Displaced Thousands Of Poor Americans To Build Billion Dollar Towers....#DonaldTrump üò† 
I Build Houses For The Poor.‚Ä¶",2017-07-16 19:16:26
2017-07-17 00:16:20,zeusFanHouse,RT @zeusFanHouse: #BREAKING NEWS: #NSA Documents PROVE #Surveillance of #DonaldTrump and #AlexJones https://t.co/tH9pWZVFnz #ObamaDC2017 #O‚Ä¶,2017-07-16 19:16:20
2017-07-17 00:15:37,AntifaOfficial,berniesrevolution #antifa #fucktrump #feminism #internationalantifa #donaldtrump #communism #socialism https://t.co/sREHtkGl4u,2017-07-16 19:15:37
2017-07-17 00:15:12,Trendolizer,"Trump #lawyer defends #DonJr. meeting, says #SecretService allowed it #President #DonaldTrump https://t.co/H71EvAWnmS",2017-07-16 19:15:12
2017-07-17 00:14:58,DeposterChild,"#DonaldTrump RT @benphillips76  
There should be an app to watch all Trump interviews like this https://t.co/0JuoFMPJYo",2017-07-16 19:14:58
2017-07-17 00:13:20,AlexBondarev25,GOT IT GUYS! Donald Trump is impersonating Mike Mayers from Wayne's World! That's 101% doubtless! #Trump‚Ä¶ https://t.co/tzdwODmuIJ,2017-07-16 19:13:20
2017-07-17 00:13:05,mark_negie,If only Donnies hands were as big as his neck waddle. @realDonaldTrump #GOP #DonaldTrump https://t.co/xWNkU72EIG,2017-07-16 19:13:05
2017-07-17 00:11:44,SocialNet_Newz,#Trump defends #DonaldTrump Jr. in Sunday morning tweetstorm - CNN https://t.co/ao8y9SswMY https://t.co/05QAWCSTmQ,2017-07-16 19:11:44
2017-07-17 00:11:43,GaryMane1,"RT @AbigAnderson: One Small North #dakota Town Taught Mark Zuckerberg Exactly Why #DonaldTrump Is #President
https://t.co/djVD4VKCLs
#Sunda‚Ä¶",2017-07-16 19:11:43
2017-07-17 00:11:43,regraz07,RT @Jeff81442228: Another great thread by @ThomasWictor #AmericaFirst #trumptrain #Trumprussia #DonaldTrumpJr #DonaldTrump #ccot #russiagat‚Ä¶,2017-07-16 19:11:43
2017-07-17 00:11:40,shareitarie10,RT @JcKatherine: Terrible News For #donaldtrump @realDonaldTrump As A Connection Is Made Between Russian Lawyer And The President https://t‚Ä¶,2017-07-16 19:11:40
2017-07-17 00:11:32,jeffreydburgess,"I'd like to know how many times a week Pres. Donald Trump uses the words ""very, very"" in a sentence. #donaldtrump #trump",2017-07-16 19:11:32
2017-07-17 00:11:27,tiggboriqua09,RT @gatita_bonita_s: One of the best Memes I have seen #CNNBlackmail #CNNMemeWar #CNN #Donaldtrump https://t.co/AijUhtitDw,2017-07-16 19:11:27
2017-07-17 00:10:26,ISIS_EVIL,The #Wahhabi Mind-Set https://t.co/rQzdWa1mnA #Wahhabism #Salafism #SaudiArabia #ISIS #Taliban #BokoHaram #AlShabab #DonaldTrump,2017-07-16 19:10:26
2017-07-17 00:09:29,ganpy,RT @wfd_wfd: #TrumpWatch &gt; ‚ÄúTrump Takes ‚ÄòSophisticated Eating‚Äô Lessons‚Äù by @ganpy https://t.co/Xeoc6KaSCl #DonaldTrump #Politics,2017-07-16 19:09:29
2017-07-17 00:09:19,midniteshopper,"RT @mikaela_von: I'm dying üòÇüòÇüòÇüòÇüòÇ
#trump #potus #g20 #merkel #DonaldTrump #MAGA https://t.co/qxj1mpJqAs",2017-07-16 19:09:19
2017-07-17 00:09:04,mungle70,"RT @WashTimes: #DonaldTrump names #TyCobb as White House special counsel in light of ongoing #Russian investigation. #russiameeting
https:/‚Ä¶",2017-07-16 19:09:04
2017-07-17 00:08:13,ISIL_DEVILS,An Introduction to #Wahhabism https://t.co/HjD6aiWNws #SaudiArabia #Salafism #Deobandi #ISIS #Taliban #BokoHaram #DonaldTrump #MikePence,2017-07-16 19:08:13
2017-07-17 00:06:33,blkjustice32,RT @AFRICANAMERICA1: White America you voted for a Charlatan in #DonaldTrump and now you're just beginning to see the negative fallout from‚Ä¶,2017-07-16 19:06:33
2017-07-17 00:06:19,BanWahhabism,The Mischief of the Pseudo #Muslims https://t.co/tcOfre7yMj #ISIS #Taliban #BokoHaram #AlShabab #AlQaeda #AlNusra #DonaldTrump #MikePence,2017-07-16 19:06:19
2017-07-17 00:05:40,anoushay1992,RT @rafu007: The Mischief of the Pseudo #Muslims https://t.co/aHrad9F7Hd #ISIS #Taliban #BokoHaram #AlShabab #AlQaeda #AlNusra #DonaldTrump‚Ä¶,2017-07-16 19:05:40
2017-07-17 00:05:35,Irfan_Kochi,RT @rafu007: The Mischief of the Pseudo #Muslims https://t.co/aHrad9F7Hd #ISIS #Taliban #BokoHaram #AlShabab #AlQaeda #AlNusra #DonaldTrump‚Ä¶,2017-07-16 19:05:35
2017-07-17 00:05:34,SumairSg,RT @rafu007: The Mischief of the Pseudo #Muslims https://t.co/aHrad9F7Hd #ISIS #Taliban #BokoHaram #AlShabab #AlQaeda #AlNusra #DonaldTrump‚Ä¶,2017-07-16 19:05:34
2017-07-17 00:05:33,shaheen_KCH,RT @rafu007: The Mischief of the Pseudo #Muslims https://t.co/aHrad9F7Hd #ISIS #Taliban #BokoHaram #AlShabab #AlQaeda #AlNusra #DonaldTrump‚Ä¶,2017-07-16 19:05:33
2017-07-17 00:05:32,Hamad_Qasir,RT @rafu007: The Mischief of the Pseudo #Muslims https://t.co/aHrad9F7Hd #ISIS #Taliban #BokoHaram #AlShabab #AlQaeda #AlNusra #DonaldTrump‚Ä¶,2017-07-16 19:05:32
2017-07-17 00:05:32,LIONGSY,RT @rafu007: The Mischief of the Pseudo #Muslims https://t.co/aHrad9F7Hd #ISIS #Taliban #BokoHaram #AlShabab #AlQaeda #AlNusra #DonaldTrump‚Ä¶,2017-07-16 19:05:32
2017-07-17 00:05:31,Hashir_Khan2,RT @rafu007: The Mischief of the Pseudo #Muslims https://t.co/aHrad9F7Hd #ISIS #Taliban #BokoHaram #AlShabab #AlQaeda #AlNusra #DonaldTrump‚Ä¶,2017-07-16 19:05:31
2017-07-17 00:05:31,Aahil_IbrahimK,RT @rafu007: The Mischief of the Pseudo #Muslims https://t.co/aHrad9F7Hd #ISIS #Taliban #BokoHaram #AlShabab #AlQaeda #AlNusra #DonaldTrump‚Ä¶,2017-07-16 19:05:31
2017-07-17 00:05:31,AneelBhatti01,RT @rafu007: The Mischief of the Pseudo #Muslims https://t.co/aHrad9F7Hd #ISIS #Taliban #BokoHaram #AlShabab #AlQaeda #AlNusra #DonaldTrump‚Ä¶,2017-07-16 19:05:31
2017-07-17 00:05:31,afnanmalik001,RT @rafu007: The Mischief of the Pseudo #Muslims https://t.co/aHrad9F7Hd #ISIS #Taliban #BokoHaram #AlShabab #AlQaeda #AlNusra #DonaldTrump‚Ä¶,2017-07-16 19:05:31
2017-07-17 00:05:30,MHD_Tayyab,RT @rafu007: The Mischief of the Pseudo #Muslims https://t.co/aHrad9F7Hd #ISIS #Taliban #BokoHaram #AlShabab #AlQaeda #AlNusra #DonaldTrump‚Ä¶,2017-07-16 19:05:30
2017-07-17 00:05:30,Bashir_Ahmad_ck,RT @rafu007: The Mischief of the Pseudo #Muslims https://t.co/aHrad9F7Hd #ISIS #Taliban #BokoHaram #AlShabab #AlQaeda #AlNusra #DonaldTrump‚Ä¶,2017-07-16 19:05:30
2017-07-17 00:05:30,aslam_gohar01,RT @rafu007: The Mischief of the Pseudo #Muslims https://t.co/aHrad9F7Hd #ISIS #Taliban #BokoHaram #AlShabab #AlQaeda #AlNusra #DonaldTrump‚Ä¶,2017-07-16 19:05:30
2017-07-17 00:05:29,jerryu1991,RT @rafu007: The Mischief of the Pseudo #Muslims https://t.co/aHrad9F7Hd #ISIS #Taliban #BokoHaram #AlShabab #AlQaeda #AlNusra #DonaldTrump‚Ä¶,2017-07-16 19:05:29
2017-07-17 00:05:29,Wahab_Ali_pk,RT @rafu007: The Mischief of the Pseudo #Muslims https://t.co/aHrad9F7Hd #ISIS #Taliban #BokoHaram #AlShabab #AlQaeda #AlNusra #DonaldTrump‚Ä¶,2017-07-16 19:05:29
2017-07-17 00:05:29,zubair_gy,RT @rafu007: The Mischief of the Pseudo #Muslims https://t.co/aHrad9F7Hd #ISIS #Taliban #BokoHaram #AlShabab #AlQaeda #AlNusra #DonaldTrump‚Ä¶,2017-07-16 19:05:29
2017-07-17 00:05:28,Mumtaz_Ahmed6,RT @rafu007: The Mischief of the Pseudo #Muslims https://t.co/aHrad9F7Hd #ISIS #Taliban #BokoHaram #AlShabab #AlQaeda #AlNusra #DonaldTrump‚Ä¶,2017-07-16 19:05:28
2017-07-17 00:05:28,Sumair1993,RT @rafu007: The Mischief of the Pseudo #Muslims https://t.co/aHrad9F7Hd #ISIS #Taliban #BokoHaram #AlShabab #AlQaeda #AlNusra #DonaldTrump‚Ä¶,2017-07-16 19:05:28
2017-07-17 00:05:28,TodaysNews5,RT @rafu007: The Mischief of the Pseudo #Muslims https://t.co/aHrad9F7Hd #ISIS #Taliban #BokoHaram #AlShabab #AlQaeda #AlNusra #DonaldTrump‚Ä¶,2017-07-16 19:05:28
2017-07-17 00:05:28,ozair_kol,RT @rafu007: The Mischief of the Pseudo #Muslims https://t.co/aHrad9F7Hd #ISIS #Taliban #BokoHaram #AlShabab #AlQaeda #AlNusra #DonaldTrump‚Ä¶,2017-07-16 19:05:28
2017-07-17 00:04:15,BanDaesh,What is #Wahhabism? https://t.co/Wr9jn6hdWc #Salafism #Deobandi #ISIS #Taliban #Islam #Quran #DonaldTrump #MikePence #USA #SaudiArabia,2017-07-16 19:04:15
2017-07-17 00:03:34,cruz1z,"RT @TheTrumpPuppet: ""...I'm definitely not a puppet."" - @TheTrumpPuppet #Trump @realDonaldTrump #DonaldTrump #TheTrumpPuppet #Politics http‚Ä¶",2017-07-16 19:03:34
2017-07-17 00:03:16,ISIL_DEVILS,The Reality of #Wahhabism in #Islam https://t.co/6Eb1zNcBoD #SaudiArabia #Salafism #Deobandi #ISIS #Taliban #AlQaeda #DonaldTrump #MikePence,2017-07-16 19:03:16
2017-07-17 00:03:10,WorldPressDaily,USA Today Uses LPGA to Stir Feminist Attacks Against President‚Ä¶ https://t.co/EifusfecjK #BreitbartSports #ChristineBrennan #DonaldTrump,2017-07-16 19:03:10
2017-07-17 00:01:52,iftekharsjk9191,Younus AlGohar's Solution to #Terrorism https://t.co/WEQ5vVzWze #Daesh #ISIS ##BokoHaram #Taliban #AlNusra #AlQaeda #DonaldTrump,2017-07-16 19:01:52
2017-07-17 00:01:45,Powerful66,RT @amjoyshow: Now on #AMJoy... #DonaldTrump's personal attorney Jay Sekulow going on ALL FIVE #SundayMorning political shows. Thoughts #re‚Ä¶,2017-07-16 19:01:45
2017-07-17 00:01:13,Irfan_Kochi,RT @rafu007: What is #Wahhabism? https://t.co/bxylUj0AXy #Salafism #Deobandi #ISIS #Taliban #Islam #Quran #DonaldTrump #MikePence #USA #Sau‚Ä¶,2017-07-16 19:01:13
2017-07-17 00:01:13,anoushay1992,RT @rafu007: What is #Wahhabism? https://t.co/bxylUj0AXy #Salafism #Deobandi #ISIS #Taliban #Islam #Quran #DonaldTrump #MikePence #USA #Sau‚Ä¶,2017-07-16 19:01:13
2017-07-17 00:01:12,SumairSg,RT @rafu007: What is #Wahhabism? https://t.co/bxylUj0AXy #Salafism #Deobandi #ISIS #Taliban #Islam #Quran #DonaldTrump #MikePence #USA #Sau‚Ä¶,2017-07-16 19:01:12
2017-07-17 00:01:12,shaheen_KCH,RT @rafu007: What is #Wahhabism? https://t.co/bxylUj0AXy #Salafism #Deobandi #ISIS #Taliban #Islam #Quran #DonaldTrump #MikePence #USA #Sau‚Ä¶,2017-07-16 19:01:12
2017-07-17 00:01:11,Hamad_Qasir,RT @rafu007: What is #Wahhabism? https://t.co/bxylUj0AXy #Salafism #Deobandi #ISIS #Taliban #Islam #Quran #DonaldTrump #MikePence #USA #Sau‚Ä¶,2017-07-16 19:01:11
2017-07-17 00:01:11,LIONGSY,RT @rafu007: What is #Wahhabism? https://t.co/bxylUj0AXy #Salafism #Deobandi #ISIS #Taliban #Islam #Quran #DonaldTrump #MikePence #USA #Sau‚Ä¶,2017-07-16 19:01:11
2017-07-17 00:01:10,Hashir_Khan2,RT @rafu007: What is #Wahhabism? https://t.co/bxylUj0AXy #Salafism #Deobandi #ISIS #Taliban #Islam #Quran #DonaldTrump #MikePence #USA #Sau‚Ä¶,2017-07-16 19:01:10
2017-07-17 00:01:10,Aahil_IbrahimK,RT @rafu007: What is #Wahhabism? https://t.co/bxylUj0AXy #Salafism #Deobandi #ISIS #Taliban #Islam #Quran #DonaldTrump #MikePence #USA #Sau‚Ä¶,2017-07-16 19:01:10
2017-07-17 00:01:10,AneelBhatti01,RT @rafu007: What is #Wahhabism? https://t.co/bxylUj0AXy #Salafism #Deobandi #ISIS #Taliban #Islam #Quran #DonaldTrump #MikePence #USA #Sau‚Ä¶,2017-07-16 19:01:10
2017-07-17 00:01:09,afnanmalik001,RT @rafu007: What is #Wahhabism? https://t.co/bxylUj0AXy #Salafism #Deobandi #ISIS #Taliban #Islam #Quran #DonaldTrump #MikePence #USA #Sau‚Ä¶,2017-07-16 19:01:09
2017-07-17 00:01:09,aslam_gohar01,RT @rafu007: What is #Wahhabism? https://t.co/bxylUj0AXy #Salafism #Deobandi #ISIS #Taliban #Islam #Quran #DonaldTrump #MikePence #USA #Sau‚Ä¶,2017-07-16 19:01:09
2017-07-17 00:01:09,MHD_Tayyab,RT @rafu007: What is #Wahhabism? https://t.co/bxylUj0AXy #Salafism #Deobandi #ISIS #Taliban #Islam #Quran #DonaldTrump #MikePence #USA #Sau‚Ä¶,2017-07-16 19:01:09
2017-07-17 00:01:09,Bashir_Ahmad_ck,RT @rafu007: What is #Wahhabism? https://t.co/bxylUj0AXy #Salafism #Deobandi #ISIS #Taliban #Islam #Quran #DonaldTrump #MikePence #USA #Sau‚Ä¶,2017-07-16 19:01:09
2017-07-17 00:01:08,jerryu1991,RT @rafu007: What is #Wahhabism? https://t.co/bxylUj0AXy #Salafism #Deobandi #ISIS #Taliban #Islam #Quran #DonaldTrump #MikePence #USA #Sau‚Ä¶,2017-07-16 19:01:08
2017-07-17 00:01:08,Wahab_Ali_pk,RT @rafu007: What is #Wahhabism? https://t.co/bxylUj0AXy #Salafism #Deobandi #ISIS #Taliban #Islam #Quran #DonaldTrump #MikePence #USA #Sau‚Ä¶,2017-07-16 19:01:08
2017-07-17 00:01:08,zubair_gy,RT @rafu007: What is #Wahhabism? https://t.co/bxylUj0AXy #Salafism #Deobandi #ISIS #Taliban #Islam #Quran #DonaldTrump #MikePence #USA #Sau‚Ä¶,2017-07-16 19:01:08
2017-07-17 00:01:08,Mumtaz_Ahmed6,RT @rafu007: What is #Wahhabism? https://t.co/bxylUj0AXy #Salafism #Deobandi #ISIS #Taliban #Islam #Quran #DonaldTrump #MikePence #USA #Sau‚Ä¶,2017-07-16 19:01:08
2017-07-17 00:01:07,ozair_kol,RT @rafu007: What is #Wahhabism? https://t.co/bxylUj0AXy #Salafism #Deobandi #ISIS #Taliban #Islam #Quran #DonaldTrump #MikePence #USA #Sau‚Ä¶,2017-07-16 19:01:07
2017-07-17 00:01:07,Sumair1993,RT @rafu007: What is #Wahhabism? https://t.co/bxylUj0AXy #Salafism #Deobandi #ISIS #Taliban #Islam #Quran #DonaldTrump #MikePence #USA #Sau‚Ä¶,2017-07-16 19:01:07
2017-07-17 00:01:07,TodaysNews5,RT @rafu007: What is #Wahhabism? https://t.co/bxylUj0AXy #Salafism #Deobandi #ISIS #Taliban #Islam #Quran #DonaldTrump #MikePence #USA #Sau‚Ä¶,2017-07-16 19:01:07
2017-07-17 00:01:07,QQiiNews,"Germany fears Donald Trump will divide Europe amid talks with Vladimir Putin.
#DonaldTrump #angelamerkel üá∫üá∏ https://t.co/WWFsvqiyI3",2017-07-16 19:01:07
2017-07-17 00:00:37,RiggyQueen,"RT @WashTimes: #DonaldTrump names #TyCobb as White House special counsel in light of ongoing #Russian investigation. #russiameeting
https:/‚Ä¶",2017-07-16 19:00:37
2017-07-16 23:59:50,johnramos91,"RT @johnramos91: If you needed #DonaldTrump to confirm the #MSM is ""the enemy of the people""‚Ä¶you're way behind #OperationMockingbird https:‚Ä¶",2017-07-16 18:59:50
2017-07-16 23:58:26,hipchassis,RT @glamelegance: @Acosta #DonaldTrump ostracized the Intel Community and now trying to do it to USSS. Seems no one is off limits. Sad.,2017-07-16 18:58:26
2017-07-16 23:58:14,eqtr8er,"RT @JamesReader_RP: #DonaldTrump‚Äôs Sunday Tweet About His Approval Rating is Complete, Total, Delusional Horseshit &gt;&gt;https://t.co/EPYVjn34Z‚Ä¶",2017-07-16 18:58:14
2017-07-16 23:57:38,GeeLauder,RT @amjoyshow: Thoughts? ‚Üí #DonaldTrump begs Theresa May to fix a 'warm welcome' for his state visit https://t.co/fZMVmIt1FT,2017-07-16 18:57:38
2017-07-16 23:57:01,ozair_kol,An Introduction to #Wahhabism https://t.co/2KmUepZbm6 #SaudiArabia #Salafism #Deobandi #ISIS #Taliban #BokoHaram #DonaldTrump,2017-07-16 18:57:01
2017-07-16 23:56:19,1rizwan_shoukat,RT @rafu007: The Mischief of the Pseudo #Muslims https://t.co/XJJZ5DyZ65 #ISIS #Taliban #BokoHaram #AlShabab #AlQaeda #AlNusra #DonaldTrump,2017-07-16 18:56:19
2017-07-16 23:56:19,FaisalBashir_pk,RT @rafu007: The Mischief of the Pseudo #Muslims https://t.co/XJJZ5DyZ65 #ISIS #Taliban #BokoHaram #AlShabab #AlQaeda #AlNusra #DonaldTrump,2017-07-16 18:56:19
2017-07-16 23:56:18,Rehman_ali0,RT @rafu007: The Mischief of the Pseudo #Muslims https://t.co/XJJZ5DyZ65 #ISIS #Taliban #BokoHaram #AlShabab #AlQaeda #AlNusra #DonaldTrump,2017-07-16 18:56:18
2017-07-16 23:56:16,KartikGohar,RT @rafu007: The Mischief of the Pseudo #Muslims https://t.co/XJJZ5DyZ65 #ISIS #Taliban #BokoHaram #AlShabab #AlQaeda #AlNusra #DonaldTrump,2017-07-16 18:56:16
2017-07-16 23:56:16,Haashir_Ali,RT @rafu007: The Mischief of the Pseudo #Muslims https://t.co/XJJZ5DyZ65 #ISIS #Taliban #BokoHaram #AlShabab #AlQaeda #AlNusra #DonaldTrump,2017-07-16 18:56:16
2017-07-16 23:56:15,Yasirali093,RT @rafu007: The Mischief of the Pseudo #Muslims https://t.co/XJJZ5DyZ65 #ISIS #Taliban #BokoHaram #AlShabab #AlQaeda #AlNusra #DonaldTrump,2017-07-16 18:56:15
2017-07-16 23:56:15,Shahzad_Ikram1,RT @rafu007: The Mischief of the Pseudo #Muslims https://t.co/XJJZ5DyZ65 #ISIS #Taliban #BokoHaram #AlShabab #AlQaeda #AlNusra #DonaldTrump,2017-07-16 18:56:15
2017-07-16 23:56:15,Sameer_Shakir1,RT @rafu007: The Mischief of the Pseudo #Muslims https://t.co/XJJZ5DyZ65 #ISIS #Taliban #BokoHaram #AlShabab #AlQaeda #AlNusra #DonaldTrump,2017-07-16 18:56:15
2017-07-16 23:56:12,Awais_Khan_pk,RT @rafu007: The Mischief of the Pseudo #Muslims https://t.co/XJJZ5DyZ65 #ISIS #Taliban #BokoHaram #AlShabab #AlQaeda #AlNusra #DonaldTrump,2017-07-16 18:56:12
2017-07-16 23:56:12,Murtaza_ali_CA,RT @rafu007: The Mischief of the Pseudo #Muslims https://t.co/XJJZ5DyZ65 #ISIS #Taliban #BokoHaram #AlShabab #AlQaeda #AlNusra #DonaldTrump,2017-07-16 18:56:12
2017-07-16 23:54:49,borrellisusan1,"RT @WashTimes: #DonaldTrump names #TyCobb as White House special counsel in light of ongoing #Russian investigation. #russiameeting
https:/‚Ä¶",2017-07-16 18:54:49
2017-07-16 23:54:37,TEXASDENNY,"RT @WashTimes: #DonaldTrump names #TyCobb as White House special counsel in light of ongoing #Russian investigation. #russiameeting
https:/‚Ä¶",2017-07-16 18:54:37
2017-07-16 23:53:10,BanZakirNaik,An Introduction to #Wahhabism https://t.co/3T53p1cqaX #SaudiArabia #Salafism #Deobandi #ISIS #Taliban #BokoHaram #DonaldTrump #MikePence,2017-07-16 18:53:10
2017-07-16 23:52:56,Nimbisimbi,"RT @amjoyshow: .@TIMOBRIEN shares his views on Felix Sater, his reported connections to #DonaldTrump &amp; why you want to know #AMJoy https://‚Ä¶",2017-07-16 18:52:56
2017-07-16 23:52:51,M5PaBr,"RT @TheTrumpPuppet: ""...I'm definitely not a puppet."" - @TheTrumpPuppet #Trump @realDonaldTrump #DonaldTrump #TheTrumpPuppet #Politics http‚Ä¶",2017-07-16 18:52:51
2017-07-16 23:52:36,dorianp626,RT @FireTrumpPence: @RepAdamSchiff #GOP #GOPRussia supporting #DonaldTrump  are now in full and total control of our Congress and House #Re‚Ä¶,2017-07-16 18:52:36
2017-07-16 23:52:24,l_tucc,RT @JcKatherine: Terrible News For #donaldtrump @realDonaldTrump As A Connection Is Made Between Russian Lawyer And The President https://t‚Ä¶,2017-07-16 18:52:24
2017-07-16 23:51:57,_resist4justice,"RT @amjoyshow: .@TIMOBRIEN shares his views on Felix Sater, his reported connections to #DonaldTrump &amp; why you want to know #AMJoy https://‚Ä¶",2017-07-16 18:51:57
2017-07-16 23:51:36,Hamad_Qasir,RT @rafu007: An Introduction to #Wahhabism https://t.co/Yn7Y6Yevig #SaudiArabia #Salafism #Deobandi #ISIS #Taliban #BokoHaram #DonaldTrump‚Ä¶,2017-07-16 18:51:36
2017-07-16 23:51:36,AneelBhatti01,RT @rafu007: An Introduction to #Wahhabism https://t.co/Yn7Y6Yevig #SaudiArabia #Salafism #Deobandi #ISIS #Taliban #BokoHaram #DonaldTrump‚Ä¶,2017-07-16 18:51:36
2017-07-16 23:51:34,Bashir_Ahmad_ck,RT @rafu007: An Introduction to #Wahhabism https://t.co/Yn7Y6Yevig #SaudiArabia #Salafism #Deobandi #ISIS #Taliban #BokoHaram #DonaldTrump‚Ä¶,2017-07-16 18:51:34
2017-07-16 23:51:33,jerryu1991,RT @rafu007: An Introduction to #Wahhabism https://t.co/Yn7Y6Yevig #SaudiArabia #Salafism #Deobandi #ISIS #Taliban #BokoHaram #DonaldTrump‚Ä¶,2017-07-16 18:51:33
2017-07-16 23:51:32,Aahil_IbrahimK,RT @rafu007: An Introduction to #Wahhabism https://t.co/Yn7Y6Yevig #SaudiArabia #Salafism #Deobandi #ISIS #Taliban #BokoHaram #DonaldTrump‚Ä¶,2017-07-16 18:51:32
2017-07-16 23:51:32,shaheen_KCH,RT @rafu007: An Introduction to #Wahhabism https://t.co/Yn7Y6Yevig #SaudiArabia #Salafism #Deobandi #ISIS #Taliban #BokoHaram #DonaldTrump‚Ä¶,2017-07-16 18:51:32
2017-07-16 23:51:31,SumairSg,RT @rafu007: An Introduction to #Wahhabism https://t.co/Yn7Y6Yevig #SaudiArabia #Salafism #Deobandi #ISIS #Taliban #BokoHaram #DonaldTrump‚Ä¶,2017-07-16 18:51:31
2017-07-16 23:51:31,LIONGSY,RT @rafu007: An Introduction to #Wahhabism https://t.co/Yn7Y6Yevig #SaudiArabia #Salafism #Deobandi #ISIS #Taliban #BokoHaram #DonaldTrump‚Ä¶,2017-07-16 18:51:31
2017-07-16 23:51:31,zubair_gy,RT @rafu007: An Introduction to #Wahhabism https://t.co/Yn7Y6Yevig #SaudiArabia #Salafism #Deobandi #ISIS #Taliban #BokoHaram #DonaldTrump‚Ä¶,2017-07-16 18:51:31
2017-07-16 23:51:29,aslam_gohar01,RT @rafu007: An Introduction to #Wahhabism https://t.co/Yn7Y6Yevig #SaudiArabia #Salafism #Deobandi #ISIS #Taliban #BokoHaram #DonaldTrump‚Ä¶,2017-07-16 18:51:29
2017-07-16 23:51:29,Irfan_Kochi,RT @rafu007: An Introduction to #Wahhabism https://t.co/Yn7Y6Yevig #SaudiArabia #Salafism #Deobandi #ISIS #Taliban #BokoHaram #DonaldTrump‚Ä¶,2017-07-16 18:51:29
2017-07-16 23:51:29,Hashir_Khan2,RT @rafu007: An Introduction to #Wahhabism https://t.co/Yn7Y6Yevig #SaudiArabia #Salafism #Deobandi #ISIS #Taliban #BokoHaram #DonaldTrump‚Ä¶,2017-07-16 18:51:29
2017-07-16 23:51:28,anoushay1992,RT @rafu007: An Introduction to #Wahhabism https://t.co/Yn7Y6Yevig #SaudiArabia #Salafism #Deobandi #ISIS #Taliban #BokoHaram #DonaldTrump‚Ä¶,2017-07-16 18:51:28
2017-07-16 23:51:27,Mumtaz_Ahmed6,RT @rafu007: An Introduction to #Wahhabism https://t.co/Yn7Y6Yevig #SaudiArabia #Salafism #Deobandi #ISIS #Taliban #BokoHaram #DonaldTrump‚Ä¶,2017-07-16 18:51:27
2017-07-16 23:51:27,MHD_Tayyab,RT @rafu007: An Introduction to #Wahhabism https://t.co/Yn7Y6Yevig #SaudiArabia #Salafism #Deobandi #ISIS #Taliban #BokoHaram #DonaldTrump‚Ä¶,2017-07-16 18:51:27
2017-07-16 23:51:26,Sumair1993,RT @rafu007: An Introduction to #Wahhabism https://t.co/Yn7Y6Yevig #SaudiArabia #Salafism #Deobandi #ISIS #Taliban #BokoHaram #DonaldTrump‚Ä¶,2017-07-16 18:51:26
2017-07-16 23:51:26,afnanmalik001,RT @rafu007: An Introduction to #Wahhabism https://t.co/Yn7Y6Yevig #SaudiArabia #Salafism #Deobandi #ISIS #Taliban #BokoHaram #DonaldTrump‚Ä¶,2017-07-16 18:51:26
2017-07-16 23:51:26,Wahab_Ali_pk,RT @rafu007: An Introduction to #Wahhabism https://t.co/Yn7Y6Yevig #SaudiArabia #Salafism #Deobandi #ISIS #Taliban #BokoHaram #DonaldTrump‚Ä¶,2017-07-16 18:51:26
2017-07-16 23:51:25,TodaysNews5,RT @rafu007: An Introduction to #Wahhabism https://t.co/Yn7Y6Yevig #SaudiArabia #Salafism #Deobandi #ISIS #Taliban #BokoHaram #DonaldTrump‚Ä¶,2017-07-16 18:51:25
2017-07-16 23:51:25,ozair_kol,RT @rafu007: An Introduction to #Wahhabism https://t.co/Yn7Y6Yevig #SaudiArabia #Salafism #Deobandi #ISIS #Taliban #BokoHaram #DonaldTrump‚Ä¶,2017-07-16 18:51:25
2017-07-16 23:51:22,WashTimes,"#DonaldTrump names #TyCobb as White House special counsel in light of ongoing #Russian investigation. #russiameeting
https://t.co/lII4AeA51M",2017-07-16 18:51:22
2017-07-16 23:51:13,FireTrumpPence,@RepAdamSchiff #GOP #GOPRussia supporting #DonaldTrump  are now in full and total control of our Congress and House‚Ä¶ https://t.co/17O5GMnAGq,2017-07-16 18:51:13
2017-07-16 23:50:43,havewhatusay,"RT @hinterlandg: #DonaldTrump Calls ABC/WaPo Poll ‚ÄúMost Inaccurate Poll Around Election Time,‚Äù It Wasn‚Äôt  https://t.co/ChuR23uFtB https://t‚Ä¶",2017-07-16 18:50:43
2017-07-16 23:49:27,wfd_wfd,#TrumpWatch &gt; ‚ÄúTrump Takes ‚ÄòSophisticated Eating‚Äô Lessons‚Äù by @ganpy https://t.co/Xeoc6KaSCl #DonaldTrump #Politics,2017-07-16 18:49:27
2017-07-16 23:49:10,AmjadHussain299,What is #Wahhabism? https://t.co/dYcSULm2Jt #Salafism #Deobandi #ISIS #Taliban #Islam #Quran #DonaldTrump #MikePence #USA #SaudiArabia,2017-07-16 18:49:10
2017-07-16 23:48:50,p_a_u_l_2015,"So #DonaldTrump has a 36% Approval Rating.

Adding all whole numbers from 1 to 36 gives 666.

Probably just a coincidence?

#justsaying #USA",2017-07-16 18:48:50
2017-07-16 23:48:12,BanZakirNaik,The Reality of #Wahhabism in #Islam https://t.co/yvdGCu5vI1 #SaudiArabia #Salafism #Deobandi #ISIS #Taliban #AlQaeda #DonaldTrump #MikePence,2017-07-16 18:48:12
2017-07-16 23:47:37,hinterlandg,"#DonaldTrump Calls ABC/WaPo Poll ‚ÄúMost Inaccurate Poll Around Election Time,‚Äù It Wasn‚Äôt  https://t.co/ChuR23uFtB https://t.co/75xjE574gg",2017-07-16 18:47:37
2017-07-16 23:47:34,PhilRevard,@realDonaldTrump @USGA How many of the women there did you try to sexually assault? https://t.co/wiYL5gMQx5 #maga‚Ä¶ https://t.co/iJjhH7Ufmp,2017-07-16 18:47:34
2017-07-16 23:46:43,bidani_bechir,"RT @amjoyshow: .@TIMOBRIEN shares his views on Felix Sater, his reported connections to #DonaldTrump &amp; why you want to know #AMJoy https://‚Ä¶",2017-07-16 18:46:43
2017-07-16 23:46:18,SumiSumishah9,Younus AlGohar's Solution to #Terrorism https://t.co/oW59pXOveS #Daesh #ISIS ##BokoHaram #Taliban #AlNusra #AlQaeda #DonaldTrump,2017-07-16 18:46:18
2017-07-16 23:45:41,JcKatherine,Terrible News For #donaldtrump @realDonaldTrump As A Connection Is Made Between Russian Lawyer And The President https://t.co/FWiaZrYc81,2017-07-16 18:45:41
2017-07-16 23:45:31,artistproco,#DonaldTrump te desaf√≠a a vencerlo en su nuevo juego par Android. Descargalo Gratis https://t.co/6b6fxysW9G https://t.co/TcCZ61JkHD,2017-07-16 18:45:31
2017-07-16 23:45:31,RobynLBarnett5,@JessicaTarlov &amp; @evansiegfried on @FOX Report Sunday...Whine Whine Whine! Baby Snowflakes! #POTUSTRUMP #DonaldTrump #MAGA,2017-07-16 18:45:31
2017-07-16 23:45:18,MooseLambResist,"RT @amjoyshow: .@TIMOBRIEN shares his views on Felix Sater, his reported connections to #DonaldTrump &amp; why you want to know #AMJoy https://‚Ä¶",2017-07-16 18:45:18
2017-07-16 23:45:09,DailyCopWatch,The Secret Service Just Put A World Of Russia Scandal Hurt On Donald #Trump https://t.co/YkQqinkaTR #donaldtrump,2017-07-16 18:45:09
2017-07-16 23:45:08,WorldPressDaily,Trump Slams the Fake News Media‚Äôs Witch Hunt on Don Jr.: President Trump is clearly‚Ä¶ https://t.co/vT6BccexNH #BreakingNews #DonaldTrump,2017-07-16 18:45:08
2017-07-16 23:45:07,socialcompleta,"Est√°s en desacuerdo con #DonaldTrump ? Derrotalo ahora, https://t.co/tVzceEV7E7 #MobileGame #AndroidGame #TrumpGame https://t.co/r2DciBq8pW",2017-07-16 18:45:07
2017-07-16 23:44:52,emmie_madam,"Officials clash at FEC over confronting Russian influence in 2018 elections
Read more: https://t.co/SSWHlxvl68‚Ä¶ https://t.co/lymHD2XZEQ",2017-07-16 18:44:52
2017-07-16 23:43:25,HeiressLegitima,"#DonaldTrump

I'm in the mood to predict your future

Christ said that your house will build a tv network + kids sc‚Ä¶ https://t.co/mQtXOZ8nEt",2017-07-16 18:43:25
2017-07-16 23:42:49,CorruptNoMore,RT @gatita_bonita_s: One of the best Memes I have seen #CNNBlackmail #CNNMemeWar #CNN #Donaldtrump https://t.co/AijUhtitDw,2017-07-16 18:42:49
2017-07-16 23:42:27,Guitargren,"RT @amjoyshow: .@TIMOBRIEN shares his views on Felix Sater, his reported connections to #DonaldTrump &amp; why you want to know #AMJoy https://‚Ä¶",2017-07-16 18:42:27
2017-07-16 23:42:14,MrCyberdude,"RT @chrisroytaylor: Great minds think alike!!!

#Armageddon #missiles #KimJongUn #NorthKorea #ICBM
#Trump #DonaldTrump @theheraldsun @carto‚Ä¶",2017-07-16 18:42:14
2017-07-16 23:41:51,JuliaLeo4,"RT @amjoyshow: .@TIMOBRIEN shares his views on Felix Sater, his reported connections to #DonaldTrump &amp; why you want to know #AMJoy https://‚Ä¶",2017-07-16 18:41:51
2017-07-16 23:40:57,gyaleemgohar,RT @rafu007: An Introduction to #Wahhabism https://t.co/Yn7Y6Yevig #SaudiArabia #Salafism #Deobandi #ISIS #Taliban #BokoHaram #DonaldTrump‚Ä¶,2017-07-16 18:40:57
2017-07-16 23:40:43,matuoka7ocean,"THE DAILY   Donald Trump, #DonaldTrump #DonaldTrumpsFamily #DonaldTrumpWomenSupporter Á¥ô„ÅåÊõ¥Êñ∞„Åï„Çå„Åæ„Åó„ÅüÔºÅ https://t.co/OhEZ0mXgmm #trump",2017-07-16 18:40:43
2017-07-16 23:40:32,KnowVidLeaks,President Trump Upstaged By Easter Bunny (pls RT‚Ü∫‚ù§Ô∏è) Ô∏èÔ∏è https://t.co/7mGdx8vzia #DonaldTrump,2017-07-16 18:40:32
2017-07-16 23:40:16,Vmbritsch,"RT @amjoyshow: .@TIMOBRIEN shares his views on Felix Sater, his reported connections to #DonaldTrump &amp; why you want to know #AMJoy https://‚Ä¶",2017-07-16 18:40:16
2017-07-16 23:40:04,JcKatherine,Exclusive: Liar #donaldtrump @realDonaldTrump Called into a Trump Tower Russian Spy Meeting https://t.co/Q5lJPaV8yW via @patribotics,2017-07-16 18:40:04
2017-07-16 23:38:21,Arctic__char,"RT @amjoyshow: .@TIMOBRIEN shares his views on Felix Sater, his reported connections to #DonaldTrump &amp; why you want to know #AMJoy https://‚Ä¶",2017-07-16 18:38:21
2017-07-16 23:38:03,shakil_nusrat,What is #Wahhabism? https://t.co/HQWVCa8qnX #Salafism #Deobandi #ISIS #Taliban #Islam #Quran #DonaldTrump #MikePence #USA #SaudiArabia,2017-07-16 18:38:03
2017-07-16 23:37:25,JackGattanella,"RT @GeorgeARomeros: #DonaldTrump &amp; #Putin are a classic 80s movie combo, the spoiled rich boy and the street-smart thug.",2017-07-16 18:37:25
2017-07-16 23:37:24,Mona21411,@realDonaldTrump #DonaldTrump @IvankaTrump Guess Ivanka can't participate in Made In America week. Is made in China week scheduled yet?,2017-07-16 18:37:24
2017-07-16 23:36:59,bd_love5,The #Wahhabi Mind-Set https://t.co/A9cJrthpSi #Wahhabism #Salafism #SaudiArabia #ISIS #Taliban #BokoHaram #AlShabab #DonaldTrump,2017-07-16 18:36:59
2017-07-16 23:36:46,BXB_Boy,"RT @WWF_TFY: #hulkhogan #hulkster  #hulkrules #
#donaldtrump #trump #wwf #wwf_the_federation_years #the‚Ä¶ https://t.co/h8zynnfxcG https://t.‚Ä¶",2017-07-16 18:36:46
2017-07-16 23:36:38,AntiTalibanISIS,The Mischief of the Pseudo #Muslims https://t.co/wLbPrd0UrY #ISIS #Taliban #BokoHaram #AlShabab #AlQaeda #AlNusra #DonaldTrump #MikePence,2017-07-16 18:36:38
2017-07-16 23:36:16,fi_fry,RT @tomas_thomaxe: #DonaldTrump @evandorkin had your number in 1989. üòõ https://t.co/LJDoFP5EeR,2017-07-16 18:36:16
2017-07-16 23:34:10,BanWahhabism,What is #Wahhabism? https://t.co/YSYVeZH3tB #Salafism #Deobandi #ISIS #Taliban #Islam #Quran #DonaldTrump #MikePence #USA #SaudiArabia,2017-07-16 18:34:10
2017-07-16 23:34:05,WorldPressDaily,"Pence on Democrats‚Äô Agenda: They‚Äôve Got One Word: Resist, I‚Äôve Got One‚Ä¶ https://t.co/InvvLRU056 #BigGovernment #DonaldTrump #FritzBorgan",2017-07-16 18:34:05
2017-07-16 23:34:04,chompie97,"RT @amjoyshow: .@TIMOBRIEN shares his views on Felix Sater, his reported connections to #DonaldTrump &amp; why you want to know #AMJoy https://‚Ä¶",2017-07-16 18:34:04
2017-07-16 23:32:26,P0litical_Jim,"#DonaldTrump  ""#madeinamericaweek"" I was made in America. So are millions of great people. We #resist against you. We are proud.",2017-07-16 18:32:26
2017-07-16 23:31:25,MahaAsif19193,Younus AlGohar's Solution to #Terrorism https://t.co/SlWgnwqrru #Daesh #ISIS ##BokoHaram #Taliban #AlNusra #AlQaeda #DonaldTrump,2017-07-16 18:31:25
2017-07-16 23:30:37,jmbishopjr,"RT @TheTrumpPuppet: ""...I'm definitely not a puppet."" - @TheTrumpPuppet #Trump @realDonaldTrump #DonaldTrump #TheTrumpPuppet #Politics http‚Ä¶",2017-07-16 18:30:37
2017-07-16 23:30:09,FUCDONALDjTRUMP,FUCK YOU Donald Trump #donaldtrump #potus #MakeAmericaTrumplessAgain,2017-07-16 18:30:09
2017-07-16 23:29:53,LeDramaDude,Breaking news! @notbern did NOT vote for Trump! Now we all know that he did NOT! #Drama #Trump #Donald #DonaldTrump @realDonaldTrump,2017-07-16 18:29:53
2017-07-16 23:29:15,annekhc,"RT @amjoyshow: .@TIMOBRIEN shares his views on Felix Sater, his reported connections to #DonaldTrump &amp; why you want to know #AMJoy https://‚Ä¶",2017-07-16 18:29:15
2017-07-16 23:29:06,MisquoteBot,"""Filmmaking is a chance to live many lifetimes.""
- #DonaldTrump

#quote",2017-07-16 18:29:06
2017-07-16 23:28:43,lunapist,This is today's world of trump #ImpeachTrump #DonaldTrump #ourpolitics,2017-07-16 18:28:43
2017-07-16 23:28:36,KyleMunson,Poll reaction on Twitter: #GameOfThones without the HBO subscription. #IowaPoll #Iowa #DonaldTrump #politics https://t.co/yFH31fDlXq,2017-07-16 18:28:36
2017-07-16 23:28:15,MaryCummins1,#DonaldTrump will be celebrating #MadeInAmerica week #2017. #Hypocrites #Traitors #IvankaTrump #Complicit‚Ä¶ https://t.co/OedEC7TLhI,2017-07-16 18:28:15
2017-07-16 23:27:32,miss_clay76,"RT @JamesReader_RP: #DonaldTrump‚Äôs Sunday Tweet About His Approval Rating is Complete, Total, Delusional Horseshit &gt;&gt;https://t.co/EPYVjn34Z‚Ä¶",2017-07-16 18:27:32
2017-07-16 23:27:08,rafu007,The Mischief of the Pseudo #Muslims https://t.co/aHrad9F7Hd #ISIS #Taliban #BokoHaram #AlShabab #AlQaeda #AlNusra #DonaldTrump #MikePence,2017-07-16 18:27:08
2017-07-16 23:26:45,tcaLdarez,It also flies in the face of Trump's oath to protect and defend the US Constitution. #DonaldTrump #FirstAmendment https://t.co/U6vhugqNDB,2017-07-16 18:26:45
2017-07-16 23:26:27,Henrylewski,"RT @nancy_us85: One Small North #dakota Town Taught Mark Zuckerberg Exactly Why #DonaldTrump Is #President
https://t.co/gk0Y7pSr7R
#SundayF‚Ä¶",2017-07-16 18:26:27
2017-07-16 23:26:11,soozieshoes1,RT @Harryslaststand: Er-Actually unlike #DonaldTrump I served my country in the RAF during that old storm in a tea cup World War 2-I think‚Ä¶,2017-07-16 18:26:11
2017-07-16 23:25:34,marknewdarkage,#DonaldTrump just told #TheresaMay why he won't visit the #UK yet https://t.co/RyMQhkyIbc,2017-07-16 18:25:34
2017-07-16 23:24:58,BrooksSaretta,RT @amjoyshow: Now on #AMJoy... #DonaldTrump's personal attorney Jay Sekulow going on ALL FIVE #SundayMorning political shows. Thoughts #re‚Ä¶,2017-07-16 18:24:58
2017-07-16 23:24:54,NFLWrld,Sung Hyun Park wins U.S. Women‚Äôs Open under watchful eye of #DonaldTrump https://t.co/pKw4dmZGIm,2017-07-16 18:24:54
2017-07-16 23:24:48,erikbrown154,RT @capshawjw: #MAGA #makeamericagreatagain #AmericaFirst #trumptrain #Trumprussia #DonaldTrumpJr #DonaldTrump #ccot #fakenews #russiagate‚Ä¶,2017-07-16 18:24:48
2017-07-16 23:24:33,hfdrhcdggf,"RT @AFRICANAMERICA1: @MSNBC those who only believe #DonaldTrump are truly the emboldened White Supremacist 
He's their last Great White Hop‚Ä¶",2017-07-16 18:24:33
2017-07-16 23:24:29,bitchkitten5,RT @ShirlsAdams: @TheDailyEdge WE CAN ONLY HOPE it happens sooner rather than later.  #DonaldTrump is unfit and dangerous! #TrumpResignNow‚Ä¶,2017-07-16 18:24:29
2017-07-16 23:24:28,layman_larry2,RT @Jeff81442228: Another great thread by @ThomasWictor #AmericaFirst #trumptrain #Trumprussia #DonaldTrumpJr #DonaldTrump #ccot #russiagat‚Ä¶,2017-07-16 18:24:28
2017-07-16 23:23:33,RenatoAlex05,RT @frasesdem3rda: #DonaldTrump #frasesdem3rda https://t.co/5aZwYEosYr,2017-07-16 18:23:33
2017-07-16 23:23:14,Beacon_Politics,"No, There Is Not More That Unites Us Than Divides Us.
https://t.co/JxMH5vsWJS
#Politics #HillaryClinton‚Ä¶ https://t.co/mTnYBLpZYv",2017-07-16 18:23:14
2017-07-16 23:23:11,hinterlandg,Poll: #DonaldTrump‚Äôs #ApprovalRating Sinks to 36% As Standing Deteriorates with Americans  https://t.co/j4ZYMFl4Wb https://t.co/SDY3oh4Ar3,2017-07-16 18:23:11
2017-07-16 23:23:09,EVIL_DAESH,An Introduction to #Wahhabism https://t.co/7g4FCcw5Pe #SaudiArabia #Salafism #Deobandi #ISIS #Taliban #BokoHaram #DonaldTrump #MikePence,2017-07-16 18:23:09
2017-07-16 23:23:07,Brokenf8,"RT @IUVM_TV: #DonaldTrump Did Not #Lie About #Jobs Coming Back!!! 
 https://t.co/wtHE95NO2n
#Trump #EricTrump #NotMyPresident #Covfefe  #Im‚Ä¶",2017-07-16 18:23:07
2017-07-16 23:22:16,MostlyHappy7,"RT @HughTague: #BoycottTrump, #DonaldTrump, #DumpTrump, #LyingTrump, #Resistance, #ResistTrump, #TrumpsAJoke, #TrumpsDangerous, @CheeetoJes‚Ä¶",2017-07-16 18:22:16
2017-07-16 23:21:57,TinaJac22661258,"RT @TheTrumpPuppet: ""...I'm definitely not a puppet."" - @TheTrumpPuppet #Trump @realDonaldTrump #DonaldTrump #TheTrumpPuppet #Politics http‚Ä¶",2017-07-16 18:21:57
2017-07-16 23:21:34,tamaraleighllc,RT @capshawjw: #MAGA #makeamericagreatagain #AmericaFirst #trumptrain #Trumprussia #DonaldTrumpJr #DonaldTrump #ccot #fakenews #russiagate‚Ä¶,2017-07-16 18:21:34
2017-07-16 23:21:24,tamaraleighllc,RT @Jeff81442228: Another great thread by @ThomasWictor #AmericaFirst #trumptrain #Trumprussia #DonaldTrumpJr #DonaldTrump #ccot #russiagat‚Ä¶,2017-07-16 18:21:24
2017-07-16 23:20:40,convolutional,https://t.co/q3vAEPKOoN #daxnorman #dither #gif #artistsontumblr #donald #donaldtrump #2017 https://t.co/iD9PgMTxRR,2017-07-16 18:20:40
2017-07-16 23:20:32,ElenaJaneCasti1,RT @quishey: Trump is off his nut... 1.6 billion on a wall.. #DonaldTrump https://t.co/H5H14BlMbc,2017-07-16 18:20:32
2017-07-16 23:19:58,FRANCHISE_8,"#Conservative #commentators offer stinging #criticism of #DonaldTrump, in wake of #proof of #TrumpRussia #meeting.‚Ä¶ https://t.co/fQSzOklja0",2017-07-16 18:19:58
2017-07-16 23:19:21,woodseysmith,RT @Jeff81442228: Another great thread by @ThomasWictor #AmericaFirst #trumptrain #Trumprussia #DonaldTrumpJr #DonaldTrump #ccot #russiagat‚Ä¶,2017-07-16 18:19:21
2017-07-16 23:18:18,EVIL_DAESH,The Reality of #Wahhabism in #Islam https://t.co/74Q6xVhx5X #SaudiArabia #Salafism #Deobandi #ISIS #Taliban #AlQaeda #DonaldTrump #MikePence,2017-07-16 18:18:18
2017-07-16 23:18:14,1eskyman,RT @capshawjw: #MAGA #makeamericagreatagain #AmericaFirst #trumptrain #Trumprussia #DonaldTrumpJr #DonaldTrump #ccot #fakenews #russiagate‚Ä¶,2017-07-16 18:18:14
2017-07-16 23:18:05,1eskyman,RT @Jeff81442228: Another great thread by @ThomasWictor #AmericaFirst #trumptrain #Trumprussia #DonaldTrumpJr #DonaldTrump #ccot #russiagat‚Ä¶,2017-07-16 18:18:05
2017-07-16 23:17:33,mfiindia_im0,RT @rafu007: An Introduction to #Wahhabism https://t.co/Yn7Y6Yevig #SaudiArabia #Salafism #Deobandi #ISIS #Taliban #BokoHaram #DonaldTrump‚Ä¶,2017-07-16 18:17:33
2017-07-16 23:17:31,keft13,"RT @JohnZwicker1: Wife directed me to this

""Did a #Catholic Holy Man Name #DonaldTrump's Role in the 1980s?""

https://t.co/N6HMmUYcJX

@re‚Ä¶",2017-07-16 18:17:31
2017-07-16 23:17:16,ricklevy67,#DonaldTrump: Equally Hates #Jews And #Muslims @nigusanegast #TheResistance @randlight @nobby15 @RBJRON https://t.co/n9N9Fn87jM,2017-07-16 18:17:16
2017-07-16 23:16:23,grgesq,RT @glamelegance: @CNNPolitics Here's a theme for #DonaldTrump ... Tell The Truth Week! ü§° #TrumpCrimeFamily #TrumpLies,2017-07-16 18:16:23
2017-07-16 23:16:20,LengelDavid,"He's wearing a #swastika t in the #NYC #Brooklyn #subway, speaking about being sick of hearing about #DonaldTrump a‚Ä¶ https://t.co/is3tq0nYaP",2017-07-16 18:16:20
2017-07-16 23:15:51,GhulamRiaz47,RT @AntiTalibanISIS: What is #Wahhabism? https://t.co/PGJYm8VQi3 #Salafism #Deobandi #ISIS #Taliban #Islam #Quran #DonaldTrump #MikePence #‚Ä¶,2017-07-16 18:15:51
2017-07-16 23:15:50,TrishDickerson,Why are we not more appalled? Why is there even a hint that some think it's okay. #DonaldTrump #RussiaGate #treason #TrumpRussia,2017-07-16 18:15:50
2017-07-16 23:15:41,GJapproved,Trumps attorneys throwing secret service under the bus as a defense to the collusion debacle. Smh.. dude has zero spine #donaldtrump,2017-07-16 18:15:41
2017-07-16 23:15:38,BeachyLifey,Donald Trump Pi√±ata https://t.co/i7mkIwzUnb #DonaldTrump #Pi√±ata https://t.co/Z20zBIT80u,2017-07-16 18:15:38
2017-07-16 23:15:24,MrFusionWorld,"RT @TheTrumpPuppet: ""...I'm definitely not a puppet."" - @TheTrumpPuppet #Trump @realDonaldTrump #DonaldTrump #TheTrumpPuppet #Politics http‚Ä¶",2017-07-16 18:15:24
2017-07-16 23:14:55,mpoage,RT @amjoyshow: Media icon Phil Donahue - who interviewed #Trump 30 years ago - joins #AMJoy on #DonaldTrump then vs. now 10aE #saturdaymorn‚Ä¶,2017-07-16 18:14:55
2017-07-16 23:14:46,LpgaSucks,RT @capshawjw: #MAGA #makeamericagreatagain #AmericaFirst #trumptrain #Trumprussia #DonaldTrumpJr #DonaldTrump #ccot #fakenews #russiagate‚Ä¶,2017-07-16 18:14:46
2017-07-16 23:14:01,PhillyComptonMW,Trump's daddy arrested after in a KKK riot in NYC! https://t.co/JLkCahdWmA #KKK #DonaldTrump #GOP #Republicans #racist #discrimination #USA,2017-07-16 18:14:01
2017-07-16 23:13:48,rayann2320,RT @Jeff81442228: Another great thread by @ThomasWictor #AmericaFirst #trumptrain #Trumprussia #DonaldTrumpJr #DonaldTrump #ccot #russiagat‚Ä¶,2017-07-16 18:13:48
2017-07-16 23:13:47,maybebeautiful1,"RT @TheTrumpPuppet: ""...I'm definitely not a puppet."" - @TheTrumpPuppet #Trump @realDonaldTrump #DonaldTrump #TheTrumpPuppet #Politics http‚Ä¶",2017-07-16 18:13:47
2017-07-16 23:13:43,DBoss51,#DonaldTrump is #LovingIt https://t.co/cyJVQheiY3,2017-07-16 18:13:43
2017-07-16 23:12:51,g4073013440,"RT @BRUCEHAWES: @Slate @ajaygolmamalgob Surprise, surprise. #DonaldTrump lied again. Thanks for the clarification and the disclaimer #Secre‚Ä¶",2017-07-16 18:12:51
2017-07-16 23:11:51,nubasutra,"The farcical presidency of #DonaldTrump continues
 So little self awareness, it's astonishing üôÑ https://t.co/HWHTssGDkA",2017-07-16 18:11:51
2017-07-16 23:10:47,LpgaSucks,RT @Jeff81442228: Another great thread by @ThomasWictor #AmericaFirst #trumptrain #Trumprussia #DonaldTrumpJr #DonaldTrump #ccot #russiagat‚Ä¶,2017-07-16 18:10:47
2017-07-16 23:10:34,BLIKOPENER333,"RT @actualiteitjunk: #whitehouseleaks....
#DonaldTrump #Trump 
By @BartOedipoes @BLIKOPENER333 
https://t.co/oQwiT2Rhds",2017-07-16 18:10:34
2017-07-16 23:10:30,KingOfTerror201,The #Wahhabi Mind-Set https://t.co/4jQyFfLkMb #Wahhabism #Salafism #SaudiArabia #ISIS #Taliban #BokoHaram #AlShabab #DonaldTrump,2017-07-16 18:10:30
2017-07-16 23:10:17,tomas_thomaxe,RT @tomas_thomaxe: #DonaldTrump @evandorkin had your number in 1989. üòõ https://t.co/LJDoFP5EeR,2017-07-16 18:10:17
2017-07-16 23:09:15,Jessica__Nguyen,"Mexican Food So Authentic #Trump Would Build A Wall Around It

https://t.co/4DsopwzSa3

#funny #donaldtrump #mexican https://t.co/Rbm27kVWBK",2017-07-16 18:09:15
2017-07-16 23:08:18,HappyKatt,RT @gregnisall: #MikePence told students the way to be a leader is to be humble like #DonaldTrump. ü§£üòÇü§£ Who knew @mike_pence was fluent in s‚Ä¶,2017-07-16 18:08:18
2017-07-16 23:08:13,CiochettiRose,RT @rafshmatko: üëâ https://t.co/VceIPnDJao üëà #Original #art #poster in #support of #Trump! üéÄ#ExtraCharge = 0$üéÄ For #DonaldTrump supporters!‚Ä¶,2017-07-16 18:08:13
2017-07-16 23:08:11,BokoHaram2018,An Introduction to #Wahhabism https://t.co/jy5nTqHWGr #SaudiArabia #Salafism #Deobandi #ISIS #Taliban #BokoHaram #DonaldTrump #MikePence,2017-07-16 18:08:11
2017-07-16 23:07:52,jackie_r_c,RT @sarusk: Donald Trump is not a #Christian -Trump worships Trump. #JimmyCarter #DonaldTrump #Christian #TrumpCrimeFamily #TrumpLies #25th‚Ä¶,2017-07-16 18:07:52
2017-07-16 23:07:25,jackanapessordi,"RT @RandyKaus: NO DAD! You can't grab #DoctorWho by the pussy!

#DonaldTrump #ImpeachTrump #RussianCollusion
#Resist #25thAmendmentNow #MAG‚Ä¶",2017-07-16 18:07:25
2017-07-16 23:06:56,Jeff81442228,RT @Jeff81442228: Another great thread by @ThomasWictor #AmericaFirst #trumptrain #Trumprussia #DonaldTrumpJr #DonaldTrump #ccot #russiagat‚Ä¶,2017-07-16 18:06:56
2017-07-16 23:05:56,anlarye,New post: Leftist Lexicon Word of the Week ‚Äì 1 of 2 https://t.co/QqGHZWmzwu by Thomas #collusion #DonaldTrump #DonaldTrumpJr.,2017-07-16 18:05:56
2017-07-16 23:05:55,PhillyComptonMW,"Another Trump lie - he DID defy an embargo and did business with Fidel's Cuba: https://t.co/4heCDzBn25 
#DonaldTrump #LIES #liar #Communist",2017-07-16 18:05:55
2017-07-16 23:05:34,JoeHoyaSaxa,RT @Jeff81442228: Another great thread by @ThomasWictor #AmericaFirst #trumptrain #Trumprussia #DonaldTrumpJr #DonaldTrump #ccot #russiagat‚Ä¶,2017-07-16 18:05:34
2017-07-16 23:04:35,richardcohen302,RT @amjoyshow: Thoughts? ‚Üí #DonaldTrump begs Theresa May to fix a 'warm welcome' for his state visit https://t.co/fZMVmIt1FT,2017-07-16 18:04:35
2017-07-16 23:04:26,Luuucy724,"RT @amjoyshow: .@TIMOBRIEN shares his views on Felix Sater, his reported connections to #DonaldTrump &amp; why you want to know #AMJoy https://‚Ä¶",2017-07-16 18:04:26
2017-07-16 23:04:21,AntiTalibanISIS,What is #Wahhabism? https://t.co/PGJYm8VQi3 #Salafism #Deobandi #ISIS #Taliban #Islam #Quran #DonaldTrump #MikePence #USA #SaudiArabia,2017-07-16 18:04:21
2017-07-16 23:03:59,amyb4434,RT @sarusk: Donald Trump is not a #Christian -Trump worships Trump. #JimmyCarter #DonaldTrump #Christian #TrumpCrimeFamily #TrumpLies #25th‚Ä¶,2017-07-16 18:03:59
2017-07-16 23:03:49,Jody_Rossel,RT @rafshmatko: üëâ https://t.co/VceIPnDJao üëà #Original #art #poster in #support of #Trump! üéÄ#ExtraCharge = 0$üéÄ For #DonaldTrump supporters!‚Ä¶,2017-07-16 18:03:49
2017-07-16 23:03:21,tittiesbjj,"@realDonaldTrump And the Rasmussen poll, which you love, was about the most inaccurate poll around 2012 election ti‚Ä¶ https://t.co/gdlFFsIVpk",2017-07-16 18:03:21
2017-07-16 23:03:15,BokoHaram2018,The Reality of #Wahhabism in #Islam https://t.co/wUq3tqa8Go #SaudiArabia #Salafism #Deobandi #ISIS #Taliban #AlQaeda #DonaldTrump #MikePence,2017-07-16 18:03:15
2017-07-16 23:03:09,KnowYourLeaker,This Is Why You Shouldn‚Äôt Text And Walk (pls RT‚Ü∫‚ù§Ô∏è) Ô∏èÔ∏è https://t.co/MJBZhm4grO #GaryFranchi #DonaldTrump #CNN #NBCNe,2017-07-16 18:03:09
2017-07-16 23:02:57,CrazyTubaAiex,RT @NotifyrInc: #DonaldTrump approval rating at 70-year low as Russia scandal swirls  #AmericanPolitics https://t.co/5FZSqeVBU5,2017-07-16 18:02:57
2017-07-16 23:02:35,DTRUMP_Fans,"New polling confirms Trump's slide as healthcare, Russia investigation drag down his‚Ä¶ https://t.co/vlRJM7jnVd‚Ä¶ https://t.co/6OjLc0CYn0",2017-07-16 18:02:35
2017-07-16 23:02:15,AFRICANAMERICA1,"RT @AFRICANAMERICA1: @MSNBC those who only believe #DonaldTrump are truly the emboldened White Supremacist 
He's their last Great White Hop‚Ä¶",2017-07-16 18:02:15
2017-07-16 23:01:54,PrettyBizarre97,RT @Harryslaststand: No difference between #RichardBranson &amp; #DonaldTrump b/c both want to kill public healthcare for their profit. https:/‚Ä¶,2017-07-16 18:01:54
2017-07-16 23:01:51,AFRICANAMERICA1,"@MSNBC those who only believe #DonaldTrump are truly the emboldened White Supremacist 
He's their last Great White Hope of White Supremacy",2017-07-16 18:01:51
2017-07-16 23:01:41,Dusty_in_Jville,RT @Jeff81442228: Another great thread by @ThomasWictor #AmericaFirst #trumptrain #Trumprussia #DonaldTrumpJr #DonaldTrump #ccot #russiagat‚Ä¶,2017-07-16 18:01:41
2017-07-16 23:01:35,Syedraza8191,Younus AlGohar's Solution to #Terrorism https://t.co/gBxghVdf6Z #Daesh #ISIS ##BokoHaram #Taliban #AlNusra #AlQaeda #DonaldTrump,2017-07-16 18:01:35
2017-07-16 23:01:26,AntifaOfficial,berniesrevolution #antifa #fucktrump #feminism #internationalantifa #donaldtrump #communism #socialism https://t.co/8ZZ9TVfrCb,2017-07-16 18:01:26
2017-07-16 23:01:08,Anne62556707,RT @Jeff81442228: Another great thread by @ThomasWictor #AmericaFirst #trumptrain #Trumprussia #DonaldTrumpJr #DonaldTrump #ccot #russiagat‚Ä¶,2017-07-16 18:01:08
2017-07-16 23:00:38,hgreen1955,RT @hgreen1955: Think Progress -- Here‚Äôs where the White House got its insane growth projections #political #donaldtrump https://t.co/HWEdk‚Ä¶,2017-07-16 18:00:38
2017-07-16 23:00:32,ThomasWictor,RT @Jeff81442228: Another great thread by @ThomasWictor #AmericaFirst #trumptrain #Trumprussia #DonaldTrumpJr #DonaldTrump #ccot #russiagat‚Ä¶,2017-07-16 18:00:32
2017-07-16 23:00:20,ThomasWictor,RT @capshawjw: #MAGA #makeamericagreatagain #AmericaFirst #trumptrain #Trumprussia #DonaldTrumpJr #DonaldTrump #ccot #fakenews #russiagate‚Ä¶,2017-07-16 18:00:20
2017-07-16 23:00:03,AFRICANAMERICA1,RT @AFRICANAMERICA1: White America you voted for a Charlatan in #DonaldTrump and now you're just beginning to see the negative fallout from‚Ä¶,2017-07-16 18:00:03
2017-07-16 23:00:02,No2TrumpBot,RT @sarusk: Donald Trump is not a #Christian -Trump worships Trump. #JimmyCarter #DonaldTrump #Christian #TrumpCrimeFamily #TrumpLies #25th‚Ä¶,2017-07-16 18:00:02
2017-07-16 22:59:43,KatleXW,RT @NotifyrInc: #DonaldTrump approval rating at 70-year low as Russia scandal swirls  #AmericanPolitics https://t.co/5FZSqeVBU5,2017-07-16 17:59:43
2017-07-16 22:59:40,sarusk,Donald Trump is not a #Christian -Trump worships Trump. #JimmyCarter #DonaldTrump #Christian #TrumpCrimeFamily‚Ä¶ https://t.co/GkkMSYrCnL,2017-07-16 17:59:40
2017-07-16 22:58:34,KorenZailckas,"Child #1 asked this question. Before Siri could answer, child #2 said #DonaldTrump https://t.co/RuG39yB7bK",2017-07-16 17:58:34
2017-07-16 22:58:26,lovetybeega,RT @glamelegance: @Acosta #DonaldTrump ostracized the Intel Community and now trying to do it to USSS. Seems no one is off limits. Sad.,2017-07-16 17:58:26
2017-07-16 22:57:56,Ernestsworld,"#RudyGiuliani has never been this 
quiet on anything #DonaldTrump. 
He is up to his neck in this collusion. 
@nytimes @washingtonpost #amjoy",2017-07-16 17:57:56
2017-07-16 22:57:55,SydneeS_43,RT @SydneeS_43: Locker room talk #tb #lol #donaldtrump (Vine by Yung French Fry) https://t.co/aKn1Gy1uhq,2017-07-16 17:57:55
2017-07-16 22:57:06,capshawjw,#MAGA #makeamericagreatagain #AmericaFirst #trumptrain #Trumprussia #DonaldTrumpJr #DonaldTrump #ccot #fakenews‚Ä¶ https://t.co/d7y21vCVO7,2017-07-16 17:57:06
2017-07-16 22:57:04,rafshmatko,RT @rafshmatko: üëâ https://t.co/VceIPnDJao üëà #Original #art #poster in #support of #Trump! üéÄ#ExtraCharge = 0$üéÄ For #DonaldTrump supporters!‚Ä¶,2017-07-16 17:57:04
2017-07-16 22:56:47,Jeff81442228,Another great thread by @ThomasWictor #AmericaFirst #trumptrain #Trumprussia #DonaldTrumpJr #DonaldTrump #ccot‚Ä¶ https://t.co/BrKkanwX1h,2017-07-16 17:56:47
2017-07-16 22:56:16,hgreen1955,RT @hgreen1955: Perspectives: MSNBC -- Trump‚Äôs case for his border wall gets quite a bit stranger #Borderwall #donaldtrump https://t.co/auW‚Ä¶,2017-07-16 17:56:16
2017-07-16 22:56:11,nikshmatko,RT @rafshmatko: üëâ https://t.co/VceIPnDJao üëà #Original #art #poster in #support of #Trump! üéÄ#ExtraCharge = 0$üéÄ For #DonaldTrump supporters!‚Ä¶,2017-07-16 17:56:11
2017-07-16 22:55:40,Raishmat,RT @rafshmatko: üëâ https://t.co/VceIPnDJao üëà #Original #art #poster in #support of #Trump! üéÄ#ExtraCharge = 0$üéÄ For #DonaldTrump supporters!‚Ä¶,2017-07-16 17:55:40
2017-07-16 22:55:22,rhreid,U.S. Secret Service rejects suggestion it vetted #DonaldTrump son's meeting https://t.co/pP09HCnEmQ,2017-07-16 17:55:22
2017-07-16 22:55:06,BRUCEHAWES,"@Slate @ajaygolmamalgob Surprise, surprise. #DonaldTrump lied again. Thanks for the clarification and the disclaimer #SecretService.",2017-07-16 17:55:06
2017-07-16 22:54:56,Reflektbeauty,RT @glamelegance: @Acosta #DonaldTrump ostracized the Intel Community and now trying to do it to USSS. Seems no one is off limits. Sad.,2017-07-16 17:54:56
2017-07-16 22:54:44,cat_1012000,RT @rafshmatko: üëâ https://t.co/VceIPnDJao üëà #Original #art #poster in #support of #Trump! üéÄ#ExtraCharge = 0$üéÄ For #DonaldTrump supporters!‚Ä¶,2017-07-16 17:54:44
2017-07-16 22:54:25,hgreen1955,"WP -- Nearly 6 months into office, President Trump's approval rating drops to 36 percent #political #donaldtrump‚Ä¶ https://t.co/vEy79lQ8pN",2017-07-16 17:54:25
2017-07-16 22:53:33,rafshmatko,üëâ https://t.co/VceIPnDJao üëà #Original #art #poster in #support of #Trump! üéÄ#ExtraCharge = 0$üéÄ For #DonaldTrump supp‚Ä¶ https://t.co/aaHGPRHxdT,2017-07-16 17:53:33
2017-07-16 22:53:17,MisquoteBot,"""We live in a media world simultaneously obsessed with technology and personality.""
- #DonaldTrump

#quote",2017-07-16 17:53:17
2017-07-16 22:53:14,AlShabab2018,An Introduction to #Wahhabism https://t.co/kOMshqNlQz #SaudiArabia #Salafism #Deobandi #ISIS #Taliban #BokoHaram #DonaldTrump #MikePence,2017-07-16 17:53:14
2017-07-16 22:53:04,shtaki_ke,"RT @StopNepotism: The real lesson of the Trump family‚Äôs troubles? Nepotism doesn‚Äôt pay.
https://t.co/LsBbDsl8DX #DonaldTrump #nepotism #Cor‚Ä¶",2017-07-16 17:53:04
2017-07-16 22:53:01,capshawjw,#MAGA #makeamericagreatagain #AmericaFirst #trumptrain #Trumprussia #DonaldTrumpJr #DonaldTrump #ccot #fakenews‚Ä¶ https://t.co/Ab4GZ8Oqe5,2017-07-16 17:53:01
2017-07-16 22:53:00,HenryPa13814938,@realDonaldTrump Ha!  Pot calling the kettle black! #DonaldTrump #DonaldTrumpJr #DonaldJr,2017-07-16 17:53:00
2017-07-16 22:52:37,anne4_yates,"RT @DavidRomeiPHD: When you hear #DonaldTrump call the #MSM and #FirstAmendment FREE PRESS the ""enemy of the people,"" think of #ThomasJeffe‚Ä¶",2017-07-16 17:52:37
2017-07-16 22:52:21,Jeff81442228,#MAGA #makeamericagreatagain #AmericaFirst #trumptrain #Trumprussia #DonaldTrumpJr #DonaldTrump #ccot #fakenews‚Ä¶ https://t.co/HbqlQAb2Zs,2017-07-16 17:52:21
2017-07-16 22:52:18,adorable_puppie,VIDEO: A message from Fox News' Shep Smith for #donaldtrump voters. https://t.co/18qyXp6Z2v,2017-07-16 17:52:18
2017-07-16 22:52:03,BRUCEHAWES,@McConnellPress The pain that will be felt by Americans because of #mitchmcconell and #DonaldTrump's #deathcarebill will be unbearable.,2017-07-16 17:52:03
2017-07-16 22:51:53,patriot_jane,"RT @RandyKaus: NO DAD! You can't grab #DoctorWho by the pussy!

#DonaldTrump #ImpeachTrump #RussianCollusion
#Resist #25thAmendmentNow #MAG‚Ä¶",2017-07-16 17:51:53
2017-07-16 22:51:34,Jeff81442228,Haven't bought #reebok never will now. Keep you money.  #makeamericagreatagain #AmericaFirst #trumptrain‚Ä¶ https://t.co/F2VuWKk9JG,2017-07-16 17:51:34
2017-07-16 22:51:28,doyle808,"RT @RandyKaus: NO DAD! You can't grab #DoctorWho by the pussy!

#DonaldTrump #ImpeachTrump #RussianCollusion
#Resist #25thAmendmentNow #MAG‚Ä¶",2017-07-16 17:51:28
2017-07-16 22:51:00,DanSkinnerArt,"RT @RandyKaus: NO DAD! You can't grab #DoctorWho by the pussy!

#DonaldTrump #ImpeachTrump #RussianCollusion
#Resist #25thAmendmentNow #MAG‚Ä¶",2017-07-16 17:51:00
2017-07-16 22:50:52,jostaryoutube13,"https://t.co/13gMAHj1mk
„Äê #„Éâ„Éä„É´„Éâ„Éà„É©„É≥„ÉóÂ§ßÁµ±È†ò „Å´„Äë„Åï„Å¶Êà¶‰∫â„ÅåËµ∑„Åì„Çã„Çì„Åò„ÇÉ„Å™„ÅÑ„Åã„Å™„ÄÅ„ÄÅ#DonaldTrump USA #EDM #EDMLife",2017-07-16 17:50:52
2017-07-16 22:49:37,elainek09,RT @glamelegance: @Acosta #DonaldTrump ostracized the Intel Community and now trying to do it to USSS. Seems no one is off limits. Sad.,2017-07-16 17:49:37
2017-07-16 22:49:29,kahlercharla,Impeach him! #DonaldTrump,2017-07-16 17:49:29
2017-07-16 22:49:19,youkindawrong,"RT @Donald_Trump_Q: ""I did try to fuck her. She was married."" -Donald Trump #POTUS #DonaldTrump #Trump #TrumpProtest",2017-07-16 17:49:19
2017-07-16 22:48:29,BrooklynandBo,"RT @DocIvanSFN: It just seems right: The #FakePresident standing with the Russian flag.
 #russia #doctorivan  #donaldtrump #putin #Russiaga‚Ä¶",2017-07-16 17:48:29
2017-07-16 22:48:14,AlShabab2018,The Reality of #Wahhabism in #Islam https://t.co/9EKcWTFvdh #SaudiArabia #Salafism #Deobandi #ISIS #Taliban #AlQaeda #DonaldTrump #MikePence,2017-07-16 17:48:14
2017-07-16 22:47:28,JPHaukkavaara,"Cam you see the a similarity with Donny Trump and ELMER FUDD ?
NO, THAT'S INSULTING 

ELMER FUDD 
#DonaldTrump https://t.co/85QXxl0M7Q",2017-07-16 17:47:28
2017-07-16 22:47:00,Black_Duchess,#dumbass #DonaldTrump https://t.co/L76ZlAwwlH,2017-07-16 17:47:00
2017-07-16 22:46:55,jyester55,"RT @JamesReader_RP: #DonaldTrump‚Äôs Sunday Tweet About His Approval Rating is Complete, Total, Delusional Horseshit &gt;&gt;https://t.co/EPYVjn34Z‚Ä¶",2017-07-16 17:46:55
2017-07-16 22:46:55,KraftDrew,Don't believe the fake news.  #DonaldTrump is the new #DrWho,2017-07-16 17:46:55
2017-07-16 22:45:50,NotifyrInc,#DonaldTrump approval rating at 70-year low as Russia scandal swirls  #AmericanPolitics https://t.co/5FZSqeVBU5,2017-07-16 17:45:50
2017-07-16 22:45:19,socialcompleta,"Est√°s en desacuerdo con #DonaldTrump ? Derrotalo ahora, https://t.co/tVzceEV7E7 #MobileGame #AndroidGame #TrumpGame https://t.co/7JUHIyZmnR",2017-07-16 17:45:19
2017-07-16 22:45:15,fisherjf729,"RT @fisherjf729: Who is a #BiggerDouchebag - Employees at the Department of Motor Vehicles or #DonaldTrump?

*Please RT
*OTHER - Put answer‚Ä¶",2017-07-16 17:45:15
2017-07-16 22:45:15,artistproco,#DonaldTrump te desaf√≠a a vencerlo en su nuevo juego par Android. Descargalo Gratis https://t.co/6b6fxysW9G https://t.co/bynaYDRHN9,2017-07-16 17:45:15
2017-07-16 22:45:08,sellwithsunny,"WHOA! Did you see this! It's not a post about #DonaldTrump If you like this, please share it. If you LOVE it,... https://t.co/BKVV95JryZ",2017-07-16 17:45:08
2017-07-16 22:45:06,nycfam,#Mexico ties for most deadly country in the world for journalists. https://t.co/VO8OUBkP7R #immigration #trump #DonaldTrump #Deportes #news,2017-07-16 17:45:06
